Folder_name,Mark,Model,Generation
AMC_AMX_1_gen,amc,amx,1
AMC_Ambassador_7_gen,amc,ambassador,7
AMC_Eagle_1_gen,amc,eagle,1
AMC_Hornet_1_gen,amc,hornet,1
AMC_Javelin_1_gen,amc,javelin,1
AMC_Javelin_2_gen,amc,javelin,2
AMC_Rambler_Ambassador_4_gen,amc,rambler ambassador,4
AMC_Rambler_American,amc,rambler american,
AMC_Rambler_Classic_2_gen,amc,rambler classic,2
AMC_Rambler_Classic_3_gen,amc,rambler classic,3
Acura_CL_1_gen,acura,cl,1
Acura_CL_2_gen,acura,cl,2
Acura_EL_1_gen,acura,el,1
Acura_EL_2_gen,acura,el,2
Acura_ILX_1_gen,acura,ilx,1
Acura_Integra_1_gen,acura,integra,1
Acura_Integra_2_gen,acura,integra,2
Acura_Integra_3_gen,acura,integra,3
Acura_Integra_4_gen,acura,integra,4
Acura_Legend_1_gen,acura,legend,1
Acura_Legend_2_gen,acura,legend,2
Acura_MDX_1_gen,acura,mdx,1
Acura_MDX_2_gen,acura,mdx,2
Acura_MDX_3_gen,acura,mdx,3
Acura_NSX_2_gen,acura,nsx,2
Acura_RDX_1_gen,acura,rdx,1
Acura_RDX_2_gen,acura,rdx,2
Acura_RDX_3_gen,acura,rdx,3
Acura_RL_1_gen,acura,rl,1
Acura_RL_2_gen,acura,rl,2
Acura_RL_3_gen,acura,rl,3
Acura_SLX_1_gen,acura,slx,1
Acura_TLX_1_gen,acura,tlx,1
Acura_TL_1_gen,acura,tl,1
Acura_TL_2_gen,acura,tl,2
Acura_TL_3_gen,acura,tl,3
Acura_TL_4_gen,acura,tl,4
Acura_TSX_1_gen,acura,tsx,1
Acura_TSX_2_gen,acura,tsx,2
Acura_Vigor_3_gen,acura,vigor,3
Acura_ZDX_1_gen,acura,zdx,1
Aixam_A721_1_gen,aixam,a721,1
Aixam_City_1_gen,aixam,city,1
Aixam_Crossline_1_gen,aixam,crossline,1
Aixam_Crossover_1_gen,aixam,crossover,1
Aixam_Mega_1_gen,aixam,mega,1
Aixam_Scouty_1_gen,aixam,scouty,1
Alfa_Romeo_146_1_gen,alfa romeo,146,1
Alfa_Romeo_147_1_gen,alfa romeo,147,1
Alfa_Romeo_147_1_gen_FL,alfa romeo,147,1 fl
Alfa_Romeo_156_1_gen,alfa romeo,156,1
Alfa_Romeo_159_1_gen,alfa romeo,159,1
Alfa_Romeo_164_1_gen,alfa romeo,164,1
Alfa_Romeo_166_1_gen,alfa romeo,166,1
Alfa_Romeo_4C_1_gen,alfa romeo,4c,1
Alfa_Romeo_75_1_gen,alfa romeo,75,1
Alfa_Romeo_Alfetta_1_gen,alfa romeo,alfetta,1
Alfa_Romeo_Brera_1_gen,alfa romeo,brera,1
Alfa_Romeo_GTV_1_gen,alfa romeo,gtv,1
Alfa_Romeo_GT_1_gen,alfa romeo,gt,1
Alfa_Romeo_Giulia_1_gen,alfa romeo,giulia,1
Alfa_Romeo_Giulietta_1_gen,alfa romeo,giulietta,1
Alfa_Romeo_Mito_1_gen,alfa romeo,mito,1
Alfa_Romeo_Spider_1_gen,alfa romeo,spider,1
Alfa_Romeo_Spider_2_gen,alfa romeo,spider,2
Alfa_Romeo_Spider_3_gen,alfa romeo,spider,3
Alfa_Romeo_Spider_4_gen,alfa romeo,spider,4
Alfa_Romeo_Stelvio_1_gen,alfa romeo,stelvio,1
Alpine_A110_1_gen,alpine,a110,1
Aston_Martin_DB11_1_gen,aston martin,db11,1
Aston_Martin_DB9_1_gen,aston martin,db9,1
Aston_Martin_DBS_2_gen,aston martin,dbs,2
Aston_Martin_Rapide_1_gen,aston martin,rapide,1
Aston_Martin_Vanquish_2_gen,aston martin,vanquish,2
Aston_Martin_Vantage_1_gen,aston martin,vantage,1
Audi_100_3_gen,audi,100,3
Audi_100_4_gen,audi,100,4
Audi_80_1_gen,audi,80,1
Audi_80_2_gen,audi,80,2
Audi_80_3_gen,audi,80,3
Audi_80_4_gen,audi,80,4
Audi_90_1_gen,audi,90,1
Audi_A1_1_gen,audi,a1,1
Audi_A1_2_gen,audi,a1,2
Audi_A2_1_gen,audi,a2,1
Audi_A3_1_gen,audi,a3,1
Audi_A3_2_gen,audi,a3,2
Audi_A3_2_gen_FL,audi,a3,2 fl
Audi_A3_3_gen,audi,a3,3
Audi_A3_3_gen_FL,audi,a3,3 fl
Audi_A4_1_gen,audi,a4,1
Audi_A4_2_gen,audi,a4,2
Audi_A4_3_gen,audi,a4,3
Audi_A4_4_gen,audi,a4,4
Audi_A4_4_gen_FL,audi,a4,4 fl
Audi_A4_5_gen,audi,a4,5
Audi_A4_5_gen_FL,audi,a4,5 fl
Audi_A5_1_gen,audi,a5,1
Audi_A5_1_gen_FL,audi,a5,1 fl
Audi_A5_2_gen,audi,a5,2
Audi_A6_1_gen,audi,a6,1
Audi_A6_2_gen,audi,a6,2
Audi_A6_3_gen,audi,a6,3
Audi_A6_4_gen,audi,a6,4
Audi_A6_5_gen,audi,a6,5
Audi_A7_1_gen,audi,a7,1
Audi_A7_2_gen,audi,a7,2
Audi_A8_1_gen,audi,a8,1
Audi_A8_2_gen,audi,a8,2
Audi_A8_3_gen,audi,a8,3
Audi_A8_3_gen_FL,audi,a8,3 fl
Audi_E_Tron_1_gen,audi,e tron,1
Audi_Q2_1_gen,audi,q2,1
Audi_Q3_1_gen,audi,q3,1
Audi_Q3_2_gen,audi,q3,2
Audi_Q5_1_gen,audi,q5,1
Audi_Q5_1_gen_FL,audi,q5,1 fl
Audi_Q5_2_gen,audi,q5,2
Audi_Q5_2_genn,audi,q5,2
Audi_Q7_1_gen,audi,q7,1
Audi_Q7_2_gen,audi,q7,2
Audi_Q7_2_gen_FL,audi,q7,2 fl
Audi_Q8_1_gen,audi,q8,1
Audi_Quattro_1_gen,audi,quattro,1
Audi_R8_1_gen,audi,r8,1
Audi_TT_1_gen,audi,tt,1
Audi_TT_2_gen,audi,tt,2
Audi_TT_3_gen,audi,tt,3
Auto_Crane_1_gen,auto,crane,1
Autobianchi_Bianchina_1_gen,autobianchi,bianchina,1
Autobianchi_Y101_gen,autobianchi,y10,1
BMW_02_1_gen,bmw,2,1
BMW_1_1_gen,bmw,1,1
BMW_1_2_gen,bmw,1,2
BMW_1_3_gen,bmw,1,3
BMW_2_1_gen,bmw,2,1
BMW_2_MPV_1_gen,bmw,2 mpv,1
BMW_3_1_gen,bmw,3,1
BMW_3_2_gen,bmw,3,2
BMW_3_3_gen,bmw,3,3
BMW_3_4_gen,bmw,3,4
BMW_3_5_gen,bmw,3,5
BMW_3_6_gen,bmw,3,6
BMW_3_7_gen,bmw,3,7
BMW_4_1_gen,bmw,4,1
BMW_5_1_gen,bmw,5,1
BMW_5_2_gen,bmw,5,2
BMW_5_3_gen,bmw,5,3
BMW_5_4_gen,bmw,5,4
BMW_5_5_gen,bmw,5,5
BMW_5_6_gen,bmw,5,6
BMW_5_7_gen,bmw,5,7
BMW_6_1_gen,bmw,6,1
BMW_6_2_gen,bmw,6,2
BMW_6_3_gen,bmw,6,3
BMW_7_1_gen,bmw,7,1
BMW_7_2_gen,bmw,7,2
BMW_7_3_gen,bmw,7,3
BMW_7_4_gen,bmw,7,4
BMW_7_5_gen,bmw,7,5
BMW_7_6_gen,bmw,7,6
BMW_8_1_gen,bmw,8,1
BMW_8_2_gen,bmw,8,2
BMW_I3_1_gen,bmw,i3,1
BMW_I8_1_gen,bmw,i8,1
BMW_X1_1_gen,bmw,x1,1
BMW_X1_2_gen,bmw,x1,2
BMW_X2_1_gen,bmw,x2,1
BMW_X3_1_gen,bmw,x3,1
BMW_X3_2_gen,bmw,x3,2
BMW_X3_3_gen,bmw,x3,3
BMW_X4_1_gen,bmw,x4,1
BMW_X4_2_gen,bmw,x4,2
BMW_X5_1_gen,bmw,x5,1
BMW_X5_2_gen,bmw,x5,2
BMW_X5_3_gen,bmw,x5,3
BMW_X5_4_gen,bmw,x5,4
BMW_X6_1_gen,bmw,x6,1
BMW_X6_2_gen,bmw,x6,2
BMW_X6_3_gen,bmw,x6,3
BMW_X7_1_gen,bmw,x7,1
BMW_Z3_1_gen,bmw,z3,1
BMW_Z4_1_gen,bmw,z4,1
BMW_Z4_2_gen,bmw,z4,2
BMW_Z4_3_gen,bmw,z4,3
Baojun_510_1_gen,baojun,510,1
Baojun_560_1_gen,baojun,560,1
Baojun_630_1_gen,baojun,630,1
Baojun_730_1_gen,baojun,730,1
Bentley_Arnage_1_gen,bentley,arnage,1
Bentley_Bentayga_1_gen,bentley,bentayga,1
Bentley_Brooklands_1_gen,bentley,brooklands,1
Bentley_Continental_Flying_Spur_1_gen,bentley,continental flying spur,1
Bentley_Continental_GT_1_gen,bentley,continental gt,1
Bentley_Continental_GT_2_gen,bentley,continental gt,2
Bentley_Mulsanne_1_gen,bentley,mulsanne,1
Bentley_Turbo_R_1_gen,bentley,turbo r,1
Besturn_B30_1_gen,besturn,b30,1
Bicycle,bicycle,,
Bike_Cruiser_type,bike,cruiser,
Bike_Scooter_type,bike,scooter,
Bike_Sport_type,bike,sport,
Bike_Touring_type,bike,touring,
Blakely_Bearcat_1_gen,blakely,bearcat,1
Bogdan_A_091_1_gen,bogdan,a 091,1
Bogdan_A_O92_1_gen,bogdan,a o92,1
Bogdan_T90110_1_gen,bogdan,t90110,1
Bradley_GT_1_gen,bradley,gt,1
Brilliance_BS4_1_gen,brilliance,bs4,1
Buick_Apollo_1_gen,buick,apollo,1
Buick_Centurion_1_gen,buick,centurion,1
Buick_Century_2_gen,buick,century,2
Buick_Century_4_gen,buick,century,4
Buick_Century_5_gen,buick,century,5
Buick_Century_6_gen,buick,century,6
Buick_Electra_3_gen,buick,electra,3
Buick_Electra_4_gen,buick,electra,4
Buick_Electra_5_gen,buick,electra,5
Buick_Electra_6_gen,buick,electra,6
Buick_Enclave_1_gen,buick,enclave,1
Buick_Enclave_2_gen,buick,enclave,2
Buick_Encore_1_gen,buick,encore,1
Buick_Excelle_1_gen_FL,buick,excelle,1 fl
Buick_Excelle_2_gen,buick,excelle,2
Buick_Excelle_2_gen_FL,buick,excelle,2 fl
Buick_GL8_1_gen,buick,gl8,1
Buick_GL8_2_gen,buick,gl8,2
Buick_GL8_3_gen,buick,gl8,3
Buick_Gran_Sport_1_gen,buick,gran sport,1
Buick_Grand_National_2_gen,buick,grand national,2
Buick_Grand_National_3_gen,buick,grand national,3
Buick_Invicta_1_gen,buick,invicta,1
Buick_Lacrosse_1_gen,buick,lacrosse,1
Buick_Lacrosse_1_gen_CN,buick,lacrosse,1 cn
Buick_Lacrosse_2_gen,buick,lacrosse,2
Buick_Lacrosse_2_gen_FL,buick,lacrosse,2 fl
Buick_Lacrosse_3_gen,buick,lacrosse,3
Buick_Le_Sabre_1_gen,buick,le sabre,1
Buick_Le_Sabre_3_gen,buick,le sabre,3
Buick_Le_Sabre_5_gen,buick,le sabre,5
Buick_Le_Sabre_6_gen,buick,le sabre,6
Buick_Le_Sabre_7_gen,buick,le sabre,7
Buick_Le_Sabre_8_gen,buick,le sabre,8
Buick_Lucerne_1_gen,buick,lucerne,1
Buick_Park_Avenue_1_gen,buick,park avenue,1
Buick_Park_Avenue_2_gen,buick,park avenue,2
Buick_Rainier_1_gen,buick,rainier,1
Buick_Reatta_1_gen,buick,reatta,1
Buick_Regal_1_gen,buick,regal,1
Buick_Regal_2_gen,buick,regal,2
Buick_Regal_3_gen,buick,regal,3
Buick_Regal_4_gen,buick,regal,4
Buick_Rendezvous_1_gen,buick,rendezvous,1
Buick_Riviera_1_gen,buick,riviera,1
Buick_Riviera_2_gen,buick,riviera,2
Buick_Riviera_3_gen,buick,riviera,3
Buick_Riviera_4_gen,buick,riviera,4
Buick_Riviera_5_gen,buick,riviera,5
Buick_Riviera_6_gen,buick,riviera,6
Buick_Riviera_7_gen,buick,riviera,7
Buick_Riviera_8_gen,buick,riviera,8
Buick_Roadmaster_8_gen,buick,roadmaster,8
Buick_Skylark_1_gen,buick,skylark,1
Buick_Skylark_2_gen,buick,skylark,2
Buick_Skylark_3_gen,buick,skylark,3
Buick_Skylark_5_gen,buick,skylark,5
Buick_Skylark_6_gen,buick,skylark,6
Buick_Terraza_1_gen,buick,terraza,1
Buick_Verano_1_gen,buick,verano,1
Buick_Wildcat_1_gen,buick,wildcat,1
Buick_Wildcat_2_gen,buick,wildcat,2
Byd_E5_1_gen,byd,e5,1
Byd_F0_1_gen,byd,f0,1
Byd_F3_1_gen,byd,f3,1
Byd_G5_1_gen,byd,g5,1
Byd_Tang_1_gen,byd,tang,1
Cadillac_ATS_1_gen,cadillac,ats,1
Cadillac_Allante_1_gen,cadillac,allante,1
Cadillac_Brougham_1_gen,cadillac,brougham,1
Cadillac_CT6_1_gen,cadillac,ct6,1
Cadillac_CTS_1_gen,cadillac,cts,1
Cadillac_CTS_2_gen,cadillac,cts,2
Cadillac_CTS_3_gen,cadillac,cts,3
Cadillac_Calais_1_gen,cadillac,calais,1
Cadillac_Cimarron_1_gen,cadillac,cimarron,1
Cadillac_DTS_1_gen,cadillac,dts,1
Cadillac_De_Ville_3_gen,cadillac,de ville,3
Cadillac_De_Ville_4_gen,cadillac,de ville,4
Cadillac_De_Ville_5_gen,cadillac,de ville,5
Cadillac_De_Ville_6_gen,cadillac,de ville,6
Cadillac_De_Ville_7_gen,cadillac,de ville,7
Cadillac_De_Ville_8_gen,cadillac,de ville,8
Cadillac_Eldorado_10_gen,cadillac,eldorado,10
Cadillac_Eldorado_11_gen,cadillac,eldorado,11
Cadillac_Eldorado_12_gen,cadillac,eldorado,12
Cadillac_Eldorado_8_gen,cadillac,eldorado,8
Cadillac_Eldorado_9_gen,cadillac,eldorado,9
Cadillac_Elr_1_gen,cadillac,elr,1
Cadillac_Escalade_1_gen,cadillac,escalade,1
Cadillac_Escalade_2_gen,cadillac,escalade,2
Cadillac_Escalade_3_gen,cadillac,escalade,3
Cadillac_Escalade_4_gen,cadillac,escalade,4
Cadillac_Fleetwood_1_gen,cadillac,fleetwood,1
Cadillac_Fleetwood_2_gen,cadillac,fleetwood,2
Cadillac_Fleetwood_75_10_gen,cadillac,fleetwood 75,10
Cadillac_Fleetwood_75_10_gen_FL,cadillac,fleetwood 75,10 fl
Cadillac_Fleetwood_75_9_gen,cadillac,fleetwood 75,9
Cadillac_SRX_1_gen,cadillac,srx,1
Cadillac_SRX_2_gen,cadillac,srx,2
Cadillac_STS_1_gen,cadillac,sts,1
Cadillac_Seville_1_gen,cadillac,seville,1
Cadillac_Seville_2_gen,cadillac,seville,2
Cadillac_Seville_3_gen,cadillac,seville,3
Cadillac_Seville_4_gen,cadillac,seville,4
Cadillac_Seville_5_gen,cadillac,seville,5
Cadillac_XLR_1_gen,cadillac,xlr,1
Cadillac_XT5_1_gen,cadillac,xt5,1
Cadillac_XTS_1_gen,cadillac,xts,1
Chery_A13_1_gen,chery,a13,1
Chery_A15_1_gen,chery,a15,1
Chery_A1_1_gen,chery,a1,1
Chery_A3_1_gen,chery,a3,1
Chery_A5_1_gen,chery,a5,1
Chery_Arrizo_3_1_gen,chery,arrizo 3,1
Chery_Arrizo_7_1_gen,chery,arrizo 7,1
Chery_Beat_1_gen,chery,beat,1
Chery_E3_1_gen,chery,e3,1
Chery_E5_1_gen,chery,e5,1
Chery_Karry_1_gen,chery,karry,1
Chery_Qq6_1_gen,chery,qq6,1
Chery_Qq_1_gen,chery,qq,1
Chery_Qq_1_gen_FL,chery,qq,1 fl
Chery_Tiggo_1_gen,chery,tiggo,1
Chery_Tiggo_2_1_gen,chery,tiggo 2,1
Chery_Tiggo_3_1_gen,chery,tiggo 3,1
Chery_Tiggo_3xe_1_gen,chery,tiggo 3xe,1
Chery_Tiggo_5_1_gen,chery,tiggo 5,1
Chery_Tiggo_5x_1_gen,chery,tiggo 5x,1
Chery_Tiggo_7_1_gen,chery,tiggo 7,1
Chery_Tiggo_8_1_gen,chery,tiggo 8,1
Chevrolet_Astro_1_gen,chevrolet,astro,1
Chevrolet_Astro_2_gen,chevrolet,astro,2
Chevrolet_Avalanche_1_gen,chevrolet,avalanche,1
Chevrolet_Avalanche_2_gen,chevrolet,avalanche,2
Chevrolet_Aveo_1_gen,chevrolet,aveo,1
Chevrolet_Aveo_2_gen,chevrolet,aveo,2
Chevrolet_Aveo_2_gen_FL,chevrolet,aveo,2 fl
Chevrolet_Beretta_1_gen,chevrolet,beretta,1
Chevrolet_Bolt_1_gen,chevrolet,bolt,1
Chevrolet_C_K_1_gen,chevrolet,c k,1
Chevrolet_C_K_2_gen,chevrolet,c k,2
Chevrolet_C_K_3_gen,chevrolet,c k,3
Chevrolet_C_K_4_gen,chevrolet,c k,4
Chevrolet_C_K_4_gen_truck,chevrolet,c k,4 truck
Chevrolet_Camaro_1_gen,chevrolet,camaro,1
Chevrolet_Camaro_2_gen,chevrolet,camaro,2
Chevrolet_Camaro_3_gen,chevrolet,camaro,3
Chevrolet_Camaro_4_gen,chevrolet,camaro,4
Chevrolet_Camaro_5_gen,chevrolet,camaro,5
Chevrolet_Camaro_6_gen,chevrolet,camaro,6
Chevrolet_Caprice_1_gen,chevrolet,caprice,1
Chevrolet_Caprice_2_gen,chevrolet,caprice,2
Chevrolet_Caprice_3_gen,chevrolet,caprice,3
Chevrolet_Caprice_4_gen,chevrolet,caprice,4
Chevrolet_Caprice_6_gen,chevrolet,caprice,6
Chevrolet_Captiva_1_gen,chevrolet,captiva,1
Chevrolet_Cavalier_1_gen,chevrolet,cavalier,1
Chevrolet_Cavalier_2_gen,chevrolet,cavalier,2
Chevrolet_Cavalier_3_gen,chevrolet,cavalier,3
Chevrolet_Cavalier_4_gen,chevrolet,cavalier,4
Chevrolet_Celebrity_1_gen,chevrolet,celebrity,1
Chevrolet_Chevelle_1_gen,chevrolet,chevelle,1
Chevrolet_Chevelle_2_gen,chevrolet,chevelle,2
Chevrolet_Chevelle_3_gen,chevrolet,chevelle,3
Chevrolet_Chevette_1_gen,chevrolet,chevette,1
Chevrolet_Cobalt_1_gen,chevrolet,cobalt,1
Chevrolet_Colorado_1_gen,chevrolet,colorado,1
Chevrolet_Colorado_2_gen,chevrolet,colorado,2
Chevrolet_Corsica_1_gen,chevrolet,corsica,1
Chevrolet_Corvette_1_gen,chevrolet,corvette,1
Chevrolet_Corvette_2_gen,chevrolet,corvette,2
Chevrolet_Corvette_3_gen,chevrolet,corvette,3
Chevrolet_Corvette_4_gen,chevrolet,corvette,4
Chevrolet_Corvette_5_gen,chevrolet,corvette,5
Chevrolet_Corvette_6_gen,chevrolet,corvette,6
Chevrolet_Corvette_7_gen,chevrolet,corvette,7
Chevrolet_Cruze_1_gen,chevrolet,cruze,1
Chevrolet_Cruze_2_gen,chevrolet,cruze,2
Chevrolet_El_Camino_2_gen,chevrolet,el camino,2
Chevrolet_El_Camino_3_gen,chevrolet,el camino,3
Chevrolet_El_Camino_4_gen,chevrolet,el camino,4
Chevrolet_El_Camino_5_gen,chevrolet,el camino,5
Chevrolet_Epica_1_gen,chevrolet,epica,1
Chevrolet_Equinox_1_gen,chevrolet,equinox,1
Chevrolet_Equinox_2_gen,chevrolet,equinox,2
Chevrolet_Equinox_3_gen,chevrolet,equinox,3
Chevrolet_Evanda_1_gen,chevrolet,evanda,1
Chevrolet_Explorer_2_gen,chevrolet,explorer,2
Chevrolet_Express_1_gen,chevrolet,express,1
Chevrolet_Express_1_gen_FL,chevrolet,express,1 fl
Chevrolet_G_2_gen,chevrolet,g,2
Chevrolet_G_3_gen,chevrolet,g,3
Chevrolet_G_3_gen_FL,chevrolet,g,3 fl
Chevrolet_HHR_1_gen,chevrolet,hhr,1
Chevrolet_Impala_10_gen,chevrolet,impala,10
Chevrolet_Impala_1_gen,chevrolet,impala,1
Chevrolet_Impala_2_gen,chevrolet,impala,2
Chevrolet_Impala_3_gen,chevrolet,impala,3
Chevrolet_Impala_4_gen,chevrolet,impala,4
Chevrolet_Impala_5_gen,chevrolet,impala,5
Chevrolet_Impala_6_gen,chevrolet,impala,6
Chevrolet_Impala_8_gen,chevrolet,impala,8
Chevrolet_Impala_9_gen,chevrolet,impala,9
Chevrolet_K5_Blazer_1_gen,chevrolet,k5 blazer,1
Chevrolet_K5_Blazer_2_gen,chevrolet,k5 blazer,2
Chevrolet_K5_Blazer_3_gen,chevrolet,k5 blazer,3
Chevrolet_Kodiak_1_gen,chevrolet,kodiak,1
Chevrolet_Kodiak_3_gen,chevrolet,kodiak,3
Chevrolet_Lacetti_1_gen,chevrolet,lacetti,1
Chevrolet_Lumina_1_gen,chevrolet,lumina,1
Chevrolet_Lumina_2_gen,chevrolet,lumina,2
Chevrolet_Lumina_APV_1_gen,chevrolet,lumina apv,1
Chevrolet_Malibu_1_gen,chevrolet,malibu,1
Chevrolet_Malibu_2_gen,chevrolet,malibu,2
Chevrolet_Malibu_3_gen,chevrolet,malibu,3
Chevrolet_Malibu_4_gen,chevrolet,malibu,4
Chevrolet_Malibu_5_gen,chevrolet,malibu,5
Chevrolet_Malibu_6_gen,chevrolet,malibu,6
Chevrolet_Malibu_7_gen,chevrolet,malibu,7
Chevrolet_Malibu_8_gen,chevrolet,malibu,8
Chevrolet_Malibu_9_gen,chevrolet,malibu,9
Chevrolet_Metro_1_gen,chevrolet,metro,1
Chevrolet_Metro_2_gen,chevrolet,metro,2
Chevrolet_Montecarlo_1_gen,chevrolet,montecarlo,1
Chevrolet_Montecarlo_2_gen,chevrolet,montecarlo,2
Chevrolet_Montecarlo_3_gen,chevrolet,montecarlo,3
Chevrolet_Montecarlo_4_gen,chevrolet,montecarlo,4
Chevrolet_Montecarlo_5_gen,chevrolet,montecarlo,5
Chevrolet_Montecarlo_6_gen,chevrolet,montecarlo,6
Chevrolet_Montecarlo_7_gen,chevrolet,montecarlo,7
Chevrolet_Monza_1_gen,chevrolet,monza,1
Chevrolet_Niva_1_gen,chevrolet,niva,1
Chevrolet_Nova_3_gen,chevrolet,nova,3
Chevrolet_Nova_4_gen,chevrolet,nova,4
Chevrolet_Nova_5_gen,chevrolet,nova,5
Chevrolet_Orlando_1_gen,chevrolet,orlando,1
Chevrolet_Prizm_1_gen,chevrolet,prizm,1
Chevrolet_Prizm_2_gen,chevrolet,prizm,2
Chevrolet_Prizm_3_gen,chevrolet,prizm,3
Chevrolet_S10_1_gen,chevrolet,s10,1
Chevrolet_S10_2_gen,chevrolet,s10,2
Chevrolet_S10_Blazer_1_gen,chevrolet,s10 blazer,1
Chevrolet_S10_Blazer_2_gen,chevrolet,s10 blazer,2
Chevrolet_SSR_1_gen,chevrolet,ssr,1
Chevrolet_Sail_1_gen,chevrolet,sail,1
Chevrolet_Sail_2_gen,chevrolet,sail,2
Chevrolet_Sail_3_gen,chevrolet,sail,3
Chevrolet_Silverado_1_gen,chevrolet,silverado,1
Chevrolet_Silverado_2_gen,chevrolet,silverado,2
Chevrolet_Silverado_3_gen,chevrolet,silverado,3
Chevrolet_Spark_3_gen,chevrolet,spark,3
Chevrolet_Spark_4_gen,chevrolet,spark,4
Chevrolet_Suburban_10_gen,chevrolet,suburban,10
Chevrolet_Suburban_11_gen,chevrolet,suburban,11
Chevrolet_Suburban_6_gen,chevrolet,suburban,6
Chevrolet_Suburban_7_gen,chevrolet,suburban,7
Chevrolet_Suburban_8_gen,chevrolet,suburban,8
Chevrolet_Suburban_9_gen,chevrolet,suburban,9
Chevrolet_Tahoe_1_gen,chevrolet,tahoe,1
Chevrolet_Tahoe_2_gen,chevrolet,tahoe,2
Chevrolet_Tahoe_3_gen,chevrolet,tahoe,3
Chevrolet_Tahoe_4_gen,chevrolet,tahoe,4
Chevrolet_Tracker_1_gen,chevrolet,tracker,1
Chevrolet_Tracker_2_gen,chevrolet,tracker,2
Chevrolet_Tracker_4_gen,chevrolet,tracker,4
Chevrolet_TrailBlazer_1_gen,chevrolet,trailblazer,1
Chevrolet_Traverse_1_gen,chevrolet,traverse,1
Chevrolet_Traverse_2_gen,chevrolet,traverse,2
Chevrolet_Trax_1_gen,chevrolet,trax,1
Chevrolet_Uplander_1_gen,chevrolet,uplander,1
Chevrolet_Vega_1_gen,chevrolet,vega,1
Chevrolet_Venture_1_gen,chevrolet,venture,1
Chevrolet_Volt_1_gen,chevrolet,volt,1
Chevrolet_Volt_2_gen,chevrolet,volt,2
Chevrolet_Yukon_1_gen,chevrolet,yukon,1
Chrysler_200_1_gen,chrysler,200,1
Chrysler_200_2_gen,chrysler,200,2
Chrysler_300M_1_gen,chrysler,300m,1
Chrysler_300_1_gen,chrysler,300,1
Chrysler_300_2_gen,chrysler,300,2
Chrysler_Cirrus_1_gen,chrysler,cirrus,1
Chrysler_Concorde_1_gen,chrysler,concorde,1
Chrysler_Concorde_2_gen,chrysler,concorde,2
Chrysler_Conquest_1_gen,chrysler,conquest,1
Chrysler_Cordoba_1_gen,chrysler,cordoba,1
Chrysler_Cordoba_2_gen,chrysler,cordoba,2
Chrysler_Crossfire_1_gen,chrysler,crossfire,1
Chrysler_Fifth_Avenue_1_gen,chrysler,fifth avenue,1
Chrysler_Imperial_7_gen,chrysler,imperial,7
Chrysler_Intrepid_1_gen,chrysler,intrepid,1
Chrysler_Intrepid_2_gen,chrysler,intrepid,2
Chrysler_LHS_1_gen,chrysler,lhs,1
Chrysler_LHS_2_gen,chrysler,lhs,2
Chrysler_LeBaron_2_gen,chrysler,lebaron,2
Chrysler_LeBaron_3_gen',chrysler,lebaron,3
Chrysler_New_Yorker_12_gen,chrysler,new yorker,12
Chrysler_New_Yorker_13_gen,chrysler,new yorker,13
Chrysler_New_Yorker_14_gen,chrysler,new yorker,14
Chrysler_Newport_6_gen,chrysler,newport,6
Chrysler_PT_Cruiser_1_gen,chrysler,pt cruiser,1
Chrysler_Pacifica_1_gen,chrysler,pacifica,1
Chrysler_Pacifica_2_gen,chrysler,pacifica,2
Chrysler_Sebring_1_gen,chrysler,sebring,1
Chrysler_Sebring_2_gen,chrysler,sebring,2
Chrysler_Sebring_3_gen,chrysler,sebring,3
Chrysler_TC_1_gen,chrysler,tc,1
Chrysler_Town_&_Country_1_gen,chrysler,town & country,1
Chrysler_Town_&_Country_2_gen,chrysler,town & country,2
Chrysler_Town_&_Country_3_gen,chrysler,town & country,3
Chrysler_Town_&_Country_4_gen,chrysler,town & country,4
Chrysler_Town_&_Country_5_gen,chrysler,town & country,5
Citroen_AX_1_gen,citroen,ax,1
Citroen_BX_1_gen,citroen,bx,1
Citroen_Berlingo_1_gen,citroen,berlingo,1
Citroen_Berlingo_1_gen_FL,citroen,berlingo,1 fl
Citroen_Berlingo_2_gen,citroen,berlingo,2
Citroen_Berlingo_3_gen,citroen,berlingo,3
Citroen_C1_1_gen,citroen,c1,1
Citroen_C1_2_gen,citroen,c1,2
Citroen_C2_1_gen,citroen,c2,1
Citroen_C3_1_gen,citroen,c3,1
Citroen_C3_2_gen,citroen,c3,2
Citroen_C3_3_gen,citroen,c3,3
Citroen_C3_Aircross_1_gen,citroen,c3 aircross,1
Citroen_C3_Picasso_1_gen,citroen,c3 picasso,1
Citroen_C3_Pluriel_1_gen,citroen,c3 pluriel,1
Citroen_C3_XR_1_gen,citroen,c3 xr,1
Citroen_C4_1_gen,citroen,c4,1
Citroen_C4_2_gen,citroen,c4,2
Citroen_C4_2_gen_FL,citroen,c4,2 fl
Citroen_C4_Aicross_1_gen,citroen,c4 aicross,1
Citroen_C4_Cactus_1_gen,citroen,c4 cactus,1
Citroen_C4_Cactus_1_gen_FL,citroen,c4 cactus,1 fl
Citroen_C4_Picasso_1_gen,citroen,c4 picasso,1
Citroen_C4_Picasso_2_gen,citroen,c4 picasso,2
Citroen_C5_1_gen,citroen,c5,1
Citroen_C5_2_gen,citroen,c5,2
Citroen_C5_Aircross_1_gen,citroen,c5 aircross,1
Citroen_C6_1_gen,citroen,c6,1
Citroen_C6_2_gen,citroen,c6,2
Citroen_C8_2_gen,citroen,c8,2
Citroen_C_Crosser_1_gen,citroen,c crosser,1
Citroen_C_Elysee_2_gen,citroen,c elysee,2
Citroen_C_Elysee_3_gen,citroen,c elysee,3
Citroen_C_Quatre_1_gen,citroen,c quatre,1
Citroen_C_Triomphe_1_gen,citroen,c triomphe,1
Citroen_DS3_1_gen,citroen,ds3,1
Citroen_DS4_1_gen,citroen,ds4,1
Citroen_DS5_1_gen,citroen,ds5,1
Citroen_DS7_1_gen,citroen,ds7,1
Citroen_Evasion_1_gen,citroen,evasion,1
Citroen_Jumper_2_gen,citroen,jumper,2
Citroen_Jumper_3_gen,citroen,jumper,3
Citroen_Jumper_4_gen,citroen,jumper,4
Citroen_Jumpy_1_gen,citroen,jumpy,1
Citroen_Jumpy_2_gen,citroen,jumpy,2
Citroen_Jumpy_3_gen,citroen,jumpy,3
Citroen_Mehari_1_gen,citroen,mehari,1
Citroen_Nemo_1_gen,citroen,nemo,1
Citroen_Saxo_1_gen,citroen,saxo,1
Citroen_Space_Tourer_3_gen,citroen,space tourer,3
Citroen_Xantia_1_gen,citroen,xantia,1
Citroen_Xsara_1_gen,citroen,xsara,1
Citroen_Xsara_Picasso_1_gen,citroen,xsara picasso,1
Dacia_Dokker_1_gen,dacia,dokker,1
Dacia_Lodgy_1_gen,dacia,lodgy,1
Dacia_Logan_1_gen,dacia,logan,1
Dacia_Nova_1_gen,dacia,nova,1
Dadi_Shuttle_1_gen,dadi,shuttle,1
Dadi_Smoothing_1_gen,dadi,smoothing,1
Daewoo_Espero_1_gen,daewoo,espero,1
Daewoo_Gentra_1_gen,daewoo,gentra,1
Daewoo_Lanos_1_gen,daewoo,lanos,1
Daewoo_Lanos_Pickup_1_gen,daewoo,lanos pickup,1
Daewoo_Leganza_1_gen,daewoo,leganza,1
Daewoo_Matiz_1_gen,daewoo,matiz,1
Daewoo_Matiz_2_gen,daewoo,matiz,2
Daewoo_Nexia_1_gen,daewoo,nexia,1
Daewoo_Nexia_1_gen_FL,daewoo,nexia,1 fl
Daewoo_Nubira_1_gen,daewoo,nubira,1
Daewoo_Tacuma_1_gen,daewoo,tacuma,1
Daewoo_Tico_1_gen,daewoo,tico,1
Daf_45_1_gen,daf,45,1
Daf_Cf_1_gen,daf,cf,1
Daf_Xf_3_gen,daf,xf,3
Daihatsu_Applause_1_gen,daihatsu,applause,1
Daihatsu_Cuore_5_gen,daihatsu,cuore,5
Daihatsu_Cuore_6_gen,daihatsu,cuore,6
Daihatsu_Cuore_7_gen,daihatsu,cuore,7
Daihatsu_Feroza_2_gen,daihatsu,feroza,2
Daihatsu_Materia_1_gen,daihatsu,materia,1
Daihatsu_Rocky_1_gen,daihatsu,rocky,1
Daihatsu_Sirion_1_gen_FL,daihatsu,sirion,1 fl
Daihatsu_Terios_1_gen,daihatsu,terios,1
Daihatsu_Terios_2_gen,daihatsu,terios,2
Daihatsu_YRV_1_gen,daihatsu,yrv,1
Datsun_B210_1_gen,datsun,b210,1
Datsun_z_1_gen,datsun,z,1
Dodge_Aspen_1_gen,dodge,aspen,1
Dodge_Avenger_1_gen,dodge,avenger,1
Dodge_Avenger_2_gen,dodge,avenger,2
Dodge_Caliber_1_gen,dodge,caliber,1
Dodge_Challenger_1_gen,dodge,challenger,1
Dodge_Challenger_2_gen,dodge,challenger,2
Dodge_Challenger_3_gen,dodge,challenger,3
Dodge_Charger_2_gen,dodge,charger,2
Dodge_Charger_3_gen,dodge,charger,3
Dodge_Charger_4_gen,dodge,charger,4
Dodge_Charger_5_gen,dodge,charger,5
Dodge_Charger_6_gen,dodge,charger,6
Dodge_Charger_7_gen,dodge,charger,7
Dodge_Charger_7_gen_FL,dodge,charger,7 fl
Dodge_Colt_7_gen,dodge,colt,7
Dodge_D100_2_gen,dodge,d100,2
Dodge_D100_3_gen,dodge,d100,3
Dodge_Dakota_1_gen,dodge,dakota,1
Dodge_Dakota_2_gen,dodge,dakota,2
Dodge_Dakota_3_gen,dodge,dakota,3
Dodge_Dart_4_gen,dodge,dart,4
Dodge_Dart_PF_1_gen,dodge,dart pf,1
Dodge_Daytona_1_gen,dodge,daytona,1
Dodge_Durango_1_gen,dodge,durango,1
Dodge_Durango_2_gen,dodge,durango,2
Dodge_Durango_3_gen,dodge,durango,3
Dodge_Durango_4_gen,dodge,durango,4
Dodge_Dynasty_1_gen,dodge,dynasty,1
Dodge_Grand_Caravan_1_gen,dodge,grand caravan,1
Dodge_Grand_Caravan_2_gen,dodge,grand caravan,2
Dodge_Grand_Caravan_3_gen,dodge,grand caravan,3
Dodge_Grand_Caravan_4_gen,dodge,grand caravan,4
Dodge_Grand_Caravan_5_gen,dodge,grand caravan,5
Dodge_Intrepid_1_gen,dodge,intrepid,1
Dodge_Journey_1_gen,dodge,journey,1
Dodge_Journey_1_gen_FL,dodge,journey,1 fl
Dodge_Magnum_2_gen,dodge,magnum,2
Dodge_Neon_1_gen,dodge,neon,1
Dodge_Neon_2_gen,dodge,neon,2
Dodge_Nitro_1_gen,dodge,nitro,1
Dodge_Ram_1_gen,dodge,ram,1
Dodge_Ram_2_gen,dodge,ram,2
Dodge_Ram_3_gen,dodge,ram,3
Dodge_Ram_4_gen,dodge,ram,4
Dodge_Ram_5_gen,dodge,ram,5
Dodge_Ramcharger_1_gen,dodge,ramcharger,1
Dodge_Ramcharger_2_gen,dodge,ramcharger,2
Dodge_Shadow_1_gen,dodge,shadow,1
Dodge_Spirit_1_gen,dodge,spirit,1
Dodge_Viper_1_gen,dodge,viper,1
Dodge_Viper_2_gen,dodge,viper,2
Dodge_Viper_3_gen,dodge,viper,3
Dodge_Viper_4_gen,dodge,viper,4
Dodge_Viper_5_gen,dodge,viper,5
Dongfeng_Fengdu_MX6_1_gen,dongfeng,fengdu mx6,1
Dongfeng_Fengshen_AX7_1_gen,dongfeng,fengshen ax7,1
Dongfeng_Fengxing_Jingyi_1_gen,dongfeng,fengxing jingyi,1
Dongfeng_K02_1_gen,dongfeng,k02,1
Etalon_A079.52_1_gen,etalon,a079.52,1
Etalon_A08129_1_gen,etalon,a08129,1
Faw_V2_1_gen,faw,v2,1
Faw_V5_1_gen,faw,v5,1
Ferrari_208_1_gen,ferrari,208,1
Ferrari_360_1_gen,ferrari,360,1
Ferrari_456_1_gen,ferrari,456,1
Ferrari_458_1_gen,ferrari,458,1
Ferrari_488_1_gen,ferrari,488,1
Ferrari_599_1_gen,ferrari,599,1
Ferrari_812_1_gen,ferrari,812,1
Ferrari_California_1_gen,ferrari,california,1
Ferrari_Daytona_1_gen,ferrari,daytona,1
Ferrari_Dino_1_gen,ferrari,dino,1
Ferrari_F430_1_gen,ferrari,f430,1
Ferrari_GTC4Lusso_1_gen,ferrari,gtc4lusso,1
Ferrari_Mondial_1_gen,ferrari,mondial,1
Ferrari_Portofino_1_gen,ferrari,portofino,1
Ferrari_Testarosa_1_gen,ferrari,testarosa,1
Ferrari_Testarossa_1_gen,ferrari,testarossa,1
Fiat_125_1_gen,fiat,125,1
Fiat_126_1_gen,fiat,126,1
Fiat_131_1_gen,fiat,131,1
Fiat_132_1_gen,fiat,132,1
Fiat_500L_1_gen,fiat,500l,1
Fiat_500X_1_gen,fiat,500x,1
Fiat_500_3_gen,fiat,500,3
Fiat_500_4_gen,fiat,500,4
Fiat_Albea_1_gen,fiat,albea,1
Fiat_Brava_1_gen,fiat,brava,1
Fiat_Bravo_1_gen,fiat,bravo,1
Fiat_Bravo_2_gen,fiat,bravo,2
Fiat_Cinquecento_1_gen,fiat,cinquecento,1
Fiat_Coupe_1_gen,fiat,coupe,1
Fiat_Croma_1_gen,fiat,croma,1
Fiat_Croma_2_gen,fiat,croma,2
Fiat_Doblo_1_gen,fiat,doblo,1
Fiat_Doblo_1_gen_FL,fiat,doblo,1 fl
Fiat_Doblo_2_gen,fiat,doblo,2
Fiat_Doblo_2_gen_FL,fiat,doblo,2 fl
Fiat_Ducato_1_gen,fiat,ducato,1
Fiat_Ducato_2_gen,fiat,ducato,2
Fiat_Ducato_3_gen,fiat,ducato,3
Fiat_Ducato_4_gen,fiat,ducato,4
Fiat_Fiorino_3_gen,fiat,fiorino,3
Fiat_Fullback_1_gen,fiat,fullback,1
Fiat_Idea_1_gen,fiat,idea,1
Fiat_Linea_1_gen,fiat,linea,1
Fiat_Marea_1_gen,fiat,marea,1
Fiat_Multipla_1_gen,fiat,multipla,1
Fiat_Palio_1_gen,fiat,palio,1
Fiat_Panda_2_gen,fiat,panda,2
Fiat_Panda_3_gen,fiat,panda,3
Fiat_Punto_1_gen,fiat,punto,1
Fiat_Punto_2_gen,fiat,punto,2
Fiat_Punto_2_gen_FL,fiat,punto,2 fl
Fiat_Punto_3_gen,fiat,punto,3
Fiat_Qubo_1_gen,fiat,qubo,1
Fiat_Scudo_1_gen,fiat,scudo,1
Fiat_Scudo_1_gen_FL,fiat,scudo,1 fl
Fiat_Scudo_2_gen,fiat,scudo,2
Fiat_Sedici_1_gen,fiat,sedici,1
Fiat_Seicento_1_gen,fiat,seicento,1
Fiat_Siena_1_gen,fiat,siena,1
Fiat_Spider_1_gen,fiat,spider,1
Fiat_Stilo_1_gen,fiat,stilo,1
Fiat_Talento_2_gen,fiat,talento,2
Fiat_Tipo_1_gen,fiat,tipo,1
Fiat_Tipo_new_1_gen,fiat,tipo new,1
Fiat_Ulysse_1_gen,fiat,ulysse,1
Fiat_Uno_1_gen,fiat,uno,1
Fiat_Viaggio_1_gen,fiat,viaggio,1
Fiat_X1_9_1_gen,fiat,x1 9,1
Ford_Aerostar_1_gen,ford,aerostar,1
Ford_Aspire_1_gen,ford,aspire,1
Ford_B_Max_1_gen,ford,b max,1
Ford_Bronco_1_gen,ford,bronco,1
Ford_Bronco_2_gen,ford,bronco,2
Ford_Bronco_3_gen,ford,bronco,3
Ford_Bronco_4_gen,ford,bronco,4
Ford_C_Max_1_gen,ford,c max,1
Ford_C_Max_2_gen,ford,c max,2
Ford_Club_Wagon_3_gen,ford,club wagon,3
Ford_Club_Wagon_4_gen,ford,club wagon,4
Ford_Club_Wagon_5_gen,ford,club wagon,5
Ford_Contour_1_gen,ford,contour,1
Ford_Cougar_1_gen,ford,cougar,1
Ford_Courier_2_gen,ford,courier,2
Ford_Courier_5_gen,ford,courier,5
Ford_Crown_Victoria_1_gen,ford,crown victoria,1
Ford_Crown_Victoria_2_gen,ford,crown victoria,2
Ford_Ecosport_2_gen,ford,ecosport,2
Ford_Edge_1_gen,ford,edge,1
Ford_Edge_2_gen,ford,edge,2
Ford_Edge_3_gen,ford,edge,3
Ford_Escape_1_gen,ford,escape,1
Ford_Escape_2_gen,ford,escape,2
Ford_Escape_3_gen,ford,escape,3
Ford_Escort_1_gen,ford,escort,1
Ford_Escort_2_gen,ford,escort,2
Ford_Escort_3_gen,ford,escort,3
Ford_Escort_4_gen_EU,ford,escort,4 eu
Ford_Escort_6_gen_EU,ford,escort,6 eu
Ford_Excursion_1_gen,ford,excursion,1
Ford_Expedition_1_gen,ford,expedition,1
Ford_Expedition_2_gen,ford,expedition,2
Ford_Expedition_3_gen,ford,expedition,3
Ford_Expedition_4_gen,ford,expedition,4
Ford_Explorer_1_gen,ford,explorer,1
Ford_Explorer_2_gen,ford,explorer,2
Ford_Explorer_3_gen,ford,explorer,3
Ford_Explorer_4_gen,ford,explorer,4
Ford_Explorer_5_gen,ford,explorer,5
Ford_Explorer_5_gen_FL,ford,explorer,5 fl
Ford_F_Series_10_gen,ford,f series,10
Ford_F_Series_11_gen,ford,f series,11
Ford_F_Series_12_gen,ford,f series,12
Ford_F_Series_13_gen,ford,f series,13
Ford_F_Series_5_gen,ford,f series,5
Ford_F_Series_6_gen,ford,f series,6
Ford_F_Series_7_gen,ford,f series,7
Ford_F_Series_8_gen,ford,f series,8
Ford_F_Series_9_gen,ford,f series,9
Ford_Festiva_1_gen,ford,festiva,1
Ford_Fiesta_1_gen,ford,fiesta,1
Ford_Fiesta_2_gen,ford,fiesta,2
Ford_Fiesta_3_gen,ford,fiesta,3
Ford_Fiesta_4_gen,ford,fiesta,4
Ford_Fiesta_5_gen,ford,fiesta,5
Ford_Fiesta_6_gen,ford,fiesta,6
Ford_Fiesta_7_gen,ford,fiesta,7
Ford_Flex_1_gen,ford,flex,1
Ford_Flex_2_gen,ford,flex,2
Ford_Focus_1_gen,ford,focus,1
Ford_Focus_2_gen,ford,focus,2
Ford_Focus_2_gen_FL,ford,focus,2 fl
Ford_Focus_3_gen,ford,focus,3
Ford_Focus_3_gen_FL,ford,focus,3 fl
Ford_Focus_4_gen,ford,focus,4
Ford_Fusion_1_gen_EU,ford,fusion,1 eu
Ford_Galaxy_1_gen,ford,galaxy,1
Ford_Galaxy_1_gen_FL,ford,galaxy,1 fl
Ford_Galaxy_2_gen,ford,galaxy,2
Ford_Galaxy_3_gen,ford,galaxy,3
Ford_Granada_1_gen,ford,granada,1
Ford_Grand_Torino_2_gen,ford,grand torino,2
Ford_Grand_Torino_3_gen,ford,grand torino,3
Ford_Ka_1_gen,ford,ka,1
Ford_Ka_2_gen,ford,ka,2
Ford_Ka_3_gen,ford,ka,3
Ford_Kuga_1_gen,ford,kuga,1
Ford_LTD_2_gen,ford,ltd,2
Ford_Maverick_1_gen,ford,maverick,1
Ford_Mondeo_1_gen,ford,mondeo,1
Ford_Mondeo_2_gen,ford,mondeo,2
Ford_Mondeo_3_gen,ford,mondeo,3
Ford_Mondeo_4_gen,ford,mondeo,4
Ford_Mustang_1_gen,ford,mustang,1
Ford_Mustang_1_gen_FL,ford,mustang,1 fl
Ford_Mustang_2_gen,ford,mustang,2
Ford_Mustang_3_gen,ford,mustang,3
Ford_Mustang_4_gen,ford,mustang,4
Ford_Mustang_5_gen,ford,mustang,5
Ford_Mustang_6_gen,ford,mustang,6
Ford_Mustang_7_gen,ford,mustang,7
Ford_Pinto_1_gen,ford,pinto,1
Ford_Pinto_3_gen,ford,pinto,3
Ford_Probe_1_gen,ford,probe,1
Ford_Probe_2_gen,ford,probe,2
Ford_Puma_1_gen_Crossover,ford,puma,1 crossover
Ford_Ranchero_5_gen,ford,ranchero,5
Ford_Ranchero_6_gen,ford,ranchero,6
Ford_Ranchero_7_gen,ford,ranchero,7
Ford_Ranger_1_gen,ford,ranger,1
Ford_Ranger_1_gen_FL,ford,ranger,1 fl
Ford_Ranger_2_gen,ford,ranger,2
Ford_Ranger_4_gen,ford,ranger,4
Ford_Ranger_Int_3_gen,ford,ranger int,3
Ford_S_Max_1_gen,ford,s max,1
Ford_S_Max_2_gen,ford,s max,2
Ford_Scorpio_1_gen,ford,scorpio,1
Ford_Sierra_1_gen,ford,sierra,1
Ford_Sierra_2_gen,ford,sierra,2
Ford_Super_Duty_1_gen,ford,super duty,1
Ford_Taurus_1_gen,ford,taurus,1
Ford_Taurus_2_gen,ford,taurus,2
Ford_Taurus_3_gen,ford,taurus,3
Ford_Taurus_4_gen,ford,taurus,4
Ford_Taurus_5_gen,ford,taurus,5
Ford_Taurus_6_gen,ford,taurus,6
Ford_Taurus_x_1_gen,ford,taurus x,1
Ford_Tempo_2_gen,ford,tempo,2
Ford_Thunderbird_10_gen,ford,thunderbird,10
Ford_Thunderbird_11_gen,ford,thunderbird,11
Ford_Thunderbird_5_gen,ford,thunderbird,5
Ford_Thunderbird_6_gen,ford,thunderbird,6
Ford_Thunderbird_7_gen,ford,thunderbird,7
Ford_Thunderbird_9_gen,ford,thunderbird,9
Ford_Tourneo_Connect_1_gen,ford,tourneo connect,1
Ford_Tourneo_Connect_2_gen,ford,tourneo connect,2
Ford_Tourneo_Custom_1_gen,ford,tourneo custom,1
Ford_Transit_2_gen,ford,transit,2
Ford_Transit_3_gen,ford,transit,3
Ford_Transit_3_gen_FL,ford,transit,3 fl
Ford_Transit_4_gen,ford,transit,4
Ford_Transit_Connect_2_gen,ford,transit connect,2
Ford_Transit_Custom_1_gen,ford,transit custom,1
Ford_Windstar_1_gen,ford,windstar,1
Ford_Windstar_2_gen,ford,windstar,2
Ford_Windstar_3_gen,ford,windstar,3
GMC_Acadia_1_gen,gmc,acadia,1
GMC_Acadia_2_gen,gmc,acadia,2
GMC_C_Series_4_gen,gmc,c series,4
GMC_Caballero_2_gen,gmc,caballero,2
GMC_Canyon_1_gen,gmc,canyon,1
GMC_Envoy_1_gen,gmc,envoy,1
GMC_Envoy_2_gen,gmc,envoy,2
GMC_K_Series_2_gen,gmc,k series,2
GMC_K_Series_3_gen,gmc,k series,3
GMC_K_Series_4_gen,gmc,k series,4
GMC_Safari_1_gen,gmc,safari,1
GMC_Safari_2_gen,gmc,safari,2
GMC_Savana_1_gen,gmc,savana,1
GMC_Savana_2_gen,gmc,savana,2
GMC_Sierra_3_gen,gmc,sierra,3
GMC_Sonoma_1_gen,gmc,sonoma,1
GMC_Sonoma_2_gen,gmc,sonoma,2
GMC_Sonoma_3_gen,gmc,sonoma,3
GMC_Terrain_1_gen,gmc,terrain,1
GMC_Topkick_2_gen,gmc,topkick,2
GMC_Yukon_4_gen,gmc,yukon,4
Gaz_21_1_gen,gaz,21,1
Gaz_24_1_gen,gaz,24,1
Gaz_31105_1_gen,gaz,31105,1
Gaz_3110_1_gen,gaz,3110,1
Gaz_3309_1_gen,gaz,3309,1
Gaz_51_1_gen,gaz,51,1
Gaz_53_1_gen,gaz,53,1
Gaz_69_1_gen,gaz,69,1
Gaz_Chaika_13_1_gen,gaz,chaika 13,1
Gaz_Gazelle_1_gen,gaz,gazelle,1
Gaz_Gazelle_2_gen,gaz,gazelle,2
Gaz_Gazelle_3_gen,gaz,gazelle,3
Gaz_Gazelle_4_gen,gaz,gazelle,4
Gaz_M20_1_gen,gaz,m20,1
Gazon_Next_1_gen,gazon,next,1
Geely_CK_1_gen,geely,ck,1
Geely_Emgrand_1_gen,geely,emgrand,1
Geely_Emgrand_2_gen,geely,emgrand,2
Geely_Emgrand_EC8_1_gen,geely,emgrand ec8,1
Geely_Emgrand_GS_1_gen,geely,emgrand gs,1
Geely_Emgrand_X7_1_gen,geely,emgrand x7,1
Geely_Englon_SC6_1_gen,geely,englon sc6,1
Geely_FC_1_gen,geely,fc,1
Geely_FLEagle_1_gen,geely,fleagle,1
Geely_MK_1_gen,geely,mk,1
Geely_SL_1_gen,geely,sl,1
Geely_Yuanjing_2_gen_FL,geely,yuanjing,2 fl
Geely_Yuanjing_SUV_1_gen,geely,yuanjing suv,1
Geely_Yuanjing_X6_1_gen,geely,yuanjing x6,1
Great_Wall_Deer_1_gen,great wall,deer,1
Great_Wall_H8_1_gen,great wall,h8,1
Great_Wall_Haval_H1_2_gen,great wall,haval h1,2
Great_Wall_Haval_H2S_1_gen,great wall,haval h2s,1
Great_Wall_Haval_H2_1_gen,great wall,haval h2,1
Great_Wall_Haval_H3_1_gen,great wall,haval h3,1
Great_Wall_Haval_H6_1_gen,great wall,haval h6,1
Great_Wall_Haval_H6_2_gen,great wall,haval h6,2
Great_Wall_Haval_H9_1_gen,great wall,haval h9,1
Great_Wall_Haval_M4_1_gen,great wall,haval m4,1
Great_Wall_Safe_1_gen,great wall,safe,1
Great_Wall_Voleex_C30_1_gen,great wall,voleex c30,1
Great_Wall_Voleex_C50_1_gen,great wall,voleex c50,1
Great_Wall_Wingle_5_1_gen,great wall,wingle 5,1
Great_Wall_Wingle_6_1_gen,great wall,wingle 6,1
Holden_Commodore_3_gen,holden,commodore,3
Holden_Commodore_4_gen,holden,commodore,4
Honda_Accord_10_gen,honda,accord,10
Honda_Accord_1_gen,honda,accord,1
Honda_Accord_2_gen,honda,accord,2
Honda_Accord_3_gen,honda,accord,3
Honda_Accord_4_gen,honda,accord,4
Honda_Accord_5_gen,honda,accord,5
Honda_Accord_6_gen,honda,accord,6
Honda_Accord_7_gen,honda,accord,7
Honda_Accord_8_gen,honda,accord,8
Honda_Accord_9_gen,honda,accord,9
Honda_Avancier_2_gen,honda,avancier,2
Honda_Beat_1_gen,honda,beat,1
Honda_CR_V_1_gen,honda,cr v,1
Honda_CR_V_2_gen,honda,cr v,2
Honda_CR_V_3_gen,honda,cr v,3
Honda_CR_V_4_gen,honda,cr v,4
Honda_CR_V_5_gen,honda,cr v,5
Honda_CR_Z_1_gen,honda,cr z,1
Honda_City_1_gen,honda,city,1
Honda_City_4_gen,honda,city,4
Honda_City_5_gen,honda,city,5
Honda_City_6_gen,honda,city,6
Honda_Civic_10_gen,honda,civic,10
Honda_Civic_1_gen,honda,civic,1
Honda_Civic_2_gen,honda,civic,2
Honda_Civic_3_gen,honda,civic,3
Honda_Civic_4_gen,honda,civic,4
Honda_Civic_5_gen,honda,civic,5
Honda_Civic_6_gen,honda,civic,6
Honda_Civic_7_gen,honda,civic,7
Honda_Civic_8_gen,honda,civic,8
Honda_Civic_9_gen,honda,civic,9
Honda_Concerto_1_gen,honda,concerto,1
Honda_Crider_1_gen,honda,crider,1
Honda_Crosstour_1_gen,honda,crosstour,1
Honda_Crx_1_gen,honda,crx,1
Honda_Crx_2_gen,honda,crx,2
Honda_Element_1_gen,honda,element,1
Honda_Elysion_2_gen,honda,elysion,2
Honda_FR_V_1_gen,honda,fr v,1
Honda_HR_V_1_gen,honda,hr v,1
Honda_HR_V_2_gen,honda,hr v,2
Honda_Insight_1_gen,honda,insight,1
Honda_Insight_2_gen,honda,insight,2
Honda_Integra_1_gen,honda,integra,1
Honda_Integra_3_gen,honda,integra,3
Honda_Jazz_1_gen,honda,jazz,1
Honda_Jazz_2_gen,honda,jazz,2
Honda_Jazz_3_gen,honda,jazz,3
Honda_Legend_1_gen,honda,legend,1
Honda_Legend_2_gen,honda,legend,2
Honda_Legend_3_gen,honda,legend,3
Honda_Legend_4_gen,honda,legend,4
Honda_Logo_1_gen,honda,logo,1
Honda_Odyssey_1_gen,honda,odyssey,1
Honda_Odyssey_2_gen,honda,odyssey,2
Honda_Odyssey_3_gen,honda,odyssey,3
Honda_Odyssey_3_gen_FL,honda,odyssey,3 fl
Honda_Odyssey_4_gen,honda,odyssey,4
Honda_Odyssey_5_gen,honda,odyssey,5
Honda_Passport_1_gen,honda,passport,1
Honda_Passport_2_gen,honda,passport,2
Honda_Pilot_1_gen,honda,pilot,1
Honda_Pilot_2_gen,honda,pilot,2
Honda_Pilot_3_gen,honda,pilot,3
Honda_Prelude_1_gen,honda,prelude,1
Honda_Prelude_2_gen,honda,prelude,2
Honda_Prelude_3_gen,honda,prelude,3
Honda_Prelude_4_gen,honda,prelude,4
Honda_Prelude_5_gen,honda,prelude,5
Honda_Ridgeline_1_gen,honda,ridgeline,1
Honda_S2000_1_gen,honda,s2000,1
Honda_S2000_2_gen,honda,s2000,2
Honda_Stepwgn_4_gen,honda,stepwgn,4
Honda_Stream_1_gen,honda,stream,1
Honda_Vigor_3_gen,honda,vigor,3
Honda_XRV_1_gen,honda,xrv,1
Hummer_H1_1_gen,hummer,h1,1
Hummer_H2_1_gen,hummer,h2,1
Hummer_H3_1_gen,hummer,h3,1
Hyundai_Accent_1_gen,hyundai,accent,1
Hyundai_Accent_2_gen,hyundai,accent,2
Hyundai_Accent_3_gen,hyundai,accent,3
Hyundai_Accent_4_gen,hyundai,accent,4
Hyundai_Accent_5_gen,hyundai,accent,5
Hyundai_Atos_1_gen,hyundai,atos,1
Hyundai_Coupe_1_gen,hyundai,coupe,1
Hyundai_Coupe_2_gen,hyundai,coupe,2
Hyundai_Coupe_3_gen,hyundai,coupe,3
Hyundai_Creta_1_gen,hyundai,creta,1
Hyundai_Creta_2_gen,hyundai,creta,2
Hyundai_Elantra_1_gen,hyundai,elantra,1
Hyundai_Elantra_2_gen,hyundai,elantra,2
Hyundai_Elantra_2_gen_FL,hyundai,elantra,2 fl
Hyundai_Elantra_3_gen,hyundai,elantra,3
Hyundai_Elantra_4_gen,hyundai,elantra,4
Hyundai_Elantra_4_gen_ Yuedong,hyundai,elantra,4 yuedong
Hyundai_Elantra_5_gen,hyundai,elantra,5
Hyundai_Elantra_6_gen,hyundai,elantra,6
Hyundai_Elantra_6_gen_FL,hyundai,elantra,6 fl
Hyundai_Entourage_1_gen,hyundai,entourage,1
Hyundai_Equus_2_gen,hyundai,equus,2
Hyundai_Genesis_1_gen,hyundai,genesis,1
Hyundai_Genesis_2_gen,hyundai,genesis,2
Hyundai_Getz_1_gen,hyundai,getz,1
Hyundai_Getz_1_gen_FL,hyundai,getz,1 fl
Hyundai_Grandeur_3_gen,hyundai,grandeur,3
Hyundai_Grandeur_4_gen,hyundai,grandeur,4
Hyundai_Grandeur_5_gen,hyundai,grandeur,5
Hyundai_Grandeur_6_gen,hyundai,grandeur,6
Hyundai_H100_3_gen,hyundai,h100,3
Hyundai_H1_1_gen,hyundai,h1,1
Hyundai_H1_2_gen,hyundai,h1,2
Hyundai_H1_2_gen_FL,hyundai,h1,2 fl
Hyundai_HD120_3_gen,hyundai,hd120,3
Hyundai_I10_1_gen,hyundai,i10,1
Hyundai_I10_2_gen,hyundai,i10,2
Hyundai_I20_1_gen,hyundai,i20,1
Hyundai_I20_2_gen,hyundai,i20,2
Hyundai_I30_1_gen,hyundai,i30,1
Hyundai_I30_2_gen,hyundai,i30,2
Hyundai_I30_3_gen,hyundai,i30,3
Hyundai_I40_1_gen,hyundai,i40,1
Hyundai_Ioniq_1_gen,hyundai,ioniq,1
Hyundai_Ix20_1_gen,hyundai,ix20,1
Hyundai_Kona_1_gen,hyundai,kona,1
Hyundai_Matrix_1_gen,hyundai,matrix,1
Hyundai_Matrix_1_gen_FL,hyundai,matrix,1 fl
Hyundai_Monica_1_gen,hyundai,monica,1
Hyundai_Santa_Fe_1_gen,hyundai,santa fe,1
Hyundai_Santa_Fe_2_gen,hyundai,santa fe,2
Hyundai_Santa_Fe_3_gen,hyundai,santa fe,3
Hyundai_Santa_Fe_4_gen,hyundai,santa fe,4
Hyundai_Sonata_3_gen,hyundai,sonata,3
Hyundai_Sonata_3_gen_FL,hyundai,sonata,3 fl
Hyundai_Sonata_4_gen,hyundai,sonata,4
Hyundai_Sonata_5_gen,hyundai,sonata,5
Hyundai_Sonata_5_gen_Ling_Xiang,hyundai,sonata,5 ling xiang
Hyundai_Sonata_6_gen,hyundai,sonata,6
Hyundai_Sonata_7_gen,hyundai,sonata,7
Hyundai_Terracan_1_gen,hyundai,terracan,1
Hyundai_Trajet_1_gen,hyundai,trajet,1
Hyundai_Tucson_1_gen,hyundai,tucson,1
Hyundai_Tucson_2_gen,hyundai,tucson,2
Hyundai_Tucson_3_gen,hyundai,tucson,3
Hyundai_Universe_1_gen,hyundai,universe,1
Hyundai_Veloster_1_gen,hyundai,veloster,1
Hyundai_Veracruz_1_gen,hyundai,veracruz,1
Ikco_Samand_LX_1_gen,ikco,samand lx,1
Infiniti_EX25_1_gen,infiniti,ex25,1
Infiniti_FX_1_gen,infiniti,fx,1
Infiniti_FX_2_gen,infiniti,fx,2
Infiniti_G_2_gen,infiniti,g,2
Infiniti_G_3_gen,infiniti,g,3
Infiniti_G_4_gen,infiniti,g,4
Infiniti_I30_2_gen,infiniti,i30,2
Infiniti_I30_3_gen,infiniti,i30,3
Infiniti_I35_3_gen,infiniti,i35,3
Infiniti_J30_1_gen,infiniti,j30,1
Infiniti_M_1_gen,infiniti,m,1
Infiniti_M_2_gen,infiniti,m,2
Infiniti_M_3_gen,infiniti,m,3
Infiniti_M_4_gen,infiniti,m,4
Infiniti_Q30_1_gen,infiniti,q30,1
Infiniti_Q45_1_gen,infiniti,q45,1
Infiniti_Q45_2_gen,infiniti,q45,2
Infiniti_Q45_3_gen,infiniti,q45,3
Infiniti_Q50_1_gen,infiniti,q50,1
Infiniti_Q60_1_gen,infiniti,q60,1
Infiniti_Q60_2_gen,infiniti,q60,2
Infiniti_Q70_1_gen,infiniti,q70,1
Infiniti_Qx30_1_gen,infiniti,qx30,1
Infiniti_Qx4_1_gen,infiniti,qx4,1
Infiniti_Qx50_2_gen,infiniti,qx50,2
Infiniti_Qx60_1_gen,infiniti,qx60,1
Infiniti_Qx60_2_gen,infiniti,qx60,2
Infiniti_Qx80_2_gen,infiniti,qx80,2
Infiniti_Qx80_2_gen_2FL,infiniti,qx80,2 2fl
Infiniti_Qx80_2_gen_FL,infiniti,qx80,2 fl
Isuzu_AB230_1_gen,isuzu,ab230,1
Isuzu_Ascender_1_gen,isuzu,ascender,1
Isuzu_Ataman_1_gen,isuzu,ataman,1
Isuzu_Axiom_1_gen,isuzu,axiom,1
Isuzu_D_Max_2_gen,isuzu,d max,2
Isuzu_Hombre_Pickup_1_gen,isuzu,hombre pickup,1
Isuzu_Mu_1_gen,isuzu,mu,1
Isuzu_Mu_2_gen,isuzu,mu,2
Isuzu_Rodeo_1_gen,isuzu,rodeo,1
Isuzu_Trooper_1_gen,isuzu,trooper,1
Isuzu_Trooper_2_gen,isuzu,trooper,2
Isuzu_Vehicross_1_gen,isuzu,vehicross,1
Iveco_Daily_2_gen,iveco,daily,2
Iveco_Daily_3_gen,iveco,daily,3
Iveco_Daily_4_gen,iveco,daily,4
Iveco_Daily_5_gen,iveco,daily,5
Iveco_Daily_6_gen,iveco,daily,6
Iveco_Stralis_2_gen,iveco,stralis,2
Iveco_Trakker_1_gen,iveco,trakker,1
Izh_2125_1_gen,izh,2125,1
Izh_2126_1_gen,izh,2126,1
Izh_27175_1_gen,izh,27175,1
Izh_2717_1_gen,izh,2717,1
Jac_J2_1_gen,jac,j2,1
Jac_J4_1_gen,jac,j4,1
Jac_J5_1_gen,jac,j5,1
Jac_Refine_M5_2_gen,jac,refine m5,2
Jac_Refine_S2_1_gen,jac,refine s2,1
Jac_S3_1_gen,jac,s3,1
Jac_T8_1_gen,jac,t8,1
Jaguar_E_Pace_1_gen,jaguar,e pace,1
Jaguar_F_Pace_1_gen,jaguar,f pace,1
Jaguar_F_type_1_gen,jaguar,f type,1
Jaguar_I_Pace_1_gen,jaguar,i pace,1
Jaguar_S_type_1_gen,jaguar,s type,1
Jaguar_XF_type_1_gen,jaguar,xf type,1
Jaguar_X_type_1_gen,jaguar,x type,1
Jaguar_Xe_1_gen,jaguar,xe,1
Jaguar_Xf_1_gen,jaguar,xf,1
Jaguar_Xf_2_gen,jaguar,xf,2
Jaguar_Xf_3_gen,jaguar,xf,3
Jaguar_Xj_1_gen,jaguar,xj,1
Jaguar_Xj_2_gen,jaguar,xj,2
Jaguar_Xj_3_gen,jaguar,xj,3
Jaguar_Xj_4_gen,jaguar,xj,4
Jaguar_Xj_5_gen,jaguar,xj,5
Jaguar_Xj_6_gen,jaguar,xj,6
Jaguar_Xjs_1_gen,jaguar,xjs,1
Jaguar_Xkr_1_gen,jaguar,xkr,1
Jaguar_Xkr_2_gen,jaguar,xkr,2
Jcb_5Cx_1_gen,jcb,5cx,1
Jeep_Cherokee_1_gen,jeep,cherokee,1
Jeep_Cherokee_2_gen,jeep,cherokee,2
Jeep_Cherokee_3_gen,jeep,cherokee,3
Jeep_Cherokee_4_gen,jeep,cherokee,4
Jeep_Cherokee_5_gen,jeep,cherokee,5
Jeep_Cj7_1_gen,jeep,cj7,1
Jeep_Comanche_1_gen,jeep,comanche,1
Jeep_Commander_1_gen,jeep,commander,1
Jeep_Compass_1_gen,jeep,compass,1
Jeep_Compass_1_gen_FL,jeep,compass,1 fl
Jeep_Compass_2_gen,jeep,compass,2
Jeep_Dj5_1_gen,jeep,dj5,1
Jeep_Grand_Cherokee_1_gen,jeep,grand cherokee,1
Jeep_Grand_Cherokee_2_gen,jeep,grand cherokee,2
Jeep_Grand_Cherokee_3_gen,jeep,grand cherokee,3
Jeep_Grand_Cherokee_4_gen,jeep,grand cherokee,4
Jeep_Grand_Cherokee_4_gen_FL,jeep,grand cherokee,4 fl
Jeep_Grand_Wagoneer_1_gen,jeep,grand wagoneer,1
Jeep_J8_1_gen,jeep,j8,1
Jeep_Liberty_1_gen,jeep,liberty,1
Jeep_Liberty_2_gen,jeep,liberty,2
Jeep_Patriot_1_gen,jeep,patriot,1
Jeep_Pickup_1_gen,jeep,pickup,1
Jeep_Renegade_1_gen,jeep,renegade,1
Jeep_Scrambler_1_gen,jeep,scrambler,1
Jeep_Wrangler_2_gen,jeep,wrangler,2
Jeep_Wrangler_3_gen,jeep,wrangler,3
Kamaz_4308_1_gen,kamaz,4308,1
Kamaz_5320_1_gen,kamaz,5320,1
Kamaz_5460_1_gen,kamaz,5460,1
Kamaz_55111_1_gen,kamaz,55111,1
Kia_Cadenza_1_gen,kia,cadenza,1
Kia_Carens_1_gen,kia,carens,1
Kia_Carens_2_gen,kia,carens,2
Kia_Carens_3_gen,kia,carens,3
Kia_Carnival_1_gen,kia,carnival,1
Kia_Carnival_2_gen,kia,carnival,2
Kia_Ceed_1_gen,kia,ceed,1
Kia_Ceed_2_gen,kia,ceed,2
Kia_Ceed_3_gen,kia,ceed,3
Kia_Cerato_1_gen,kia,cerato,1
Kia_Cerato_2_gen,kia,cerato,2
Kia_Cerato_3_gen,kia,cerato,3
Kia_KX3_1_gen,kia,kx3,1
Kia_Koup_1_gen,kia,koup,1
Kia_Mohave_1_gen,kia,mohave,1
Kia_Niro_1_gen,kia,niro,1
Kia_Opirus_1_gen,kia,opirus,1
Kia_Optima_1_gen,kia,optima,1
Kia_Optima_2_gen,kia,optima,2
Kia_Optima_2_gen_FL,kia,optima,2 fl
Kia_Optima_3_gen,kia,optima,3
Kia_Optima_4_gen,kia,optima,4
Kia_Picanto_1_gen,kia,picanto,1
Kia_Picanto_1_gen_FL,kia,picanto,1 fl
Kia_Picanto_2_gen,kia,picanto,2
Kia_Picanto_3_gen,kia,picanto,3
Kia_Rio_1_gen,kia,rio,1
Kia_Rio_2_gen,kia,rio,2
Kia_Rio_3_gen,kia,rio,3
Kia_Rio_4_gen,kia,rio,4
Kia_Sedona_1_gen,kia,sedona,1
Kia_Sedona_2_gen,kia,sedona,2
Kia_Sephia_1_gen,kia,sephia,1
Kia_Sephia_2_gen,kia,sephia,2
Kia_Sephia_2_gen_FL,kia,sephia,2 fl
Kia_Sorento_1_gen,kia,sorento,1
Kia_Sorento_2_gen,kia,sorento,2
Kia_Sorento_3_gen,kia,sorento,3
Kia_Soul_1_gen,kia,soul,1
Kia_Soul_2_gen,kia,soul,2
Kia_Sportage_1_gen,kia,sportage,1
Kia_Sportage_2_gen,kia,sportage,2
Kia_Sportage_3_gen,kia,sportage,3
Kia_Sportage_4_gen,kia,sportage,4
Kia_Stinger_1_gen,kia,stinger,1
Kia_Stonic_1_gen,kia,stonic,1
Kia_Venga_1_gen,kia,venga,1
Koenigsegg_Agera_1_gen,koenigsegg,agera,1
Kraz_65055_1_gen,kraz,65055,1
Kraz_6510_1_gen,kraz,6510,1
Kraz_Next_1_gen,kraz,next,1
Lada_2101_1_gen,lada,2101,1
Lada_2102_1_gen,lada,2102,1
Lada_2103_1_gen,lada,2103,1
Lada_2104_1_gen,lada,2104,1
Lada_2105_1_gen,lada,2105,1
Lada_2106_1_gen,lada,2106,1
Lada_2107_1_gen,lada,2107,1
Lada_2108_1_gen,lada,2108,1
Lada_21099_1_gen,lada,21099,1
Lada_2109_1_gen,lada,2109,1
Lada_2110_1_gen,lada,2110,1
Lada_2111_1_gen,lada,2111,1
Lada_2112_1_gen,lada,2112,1
Lada_2113_1_gen,lada,2113,1
Lada_2114_1_gen,lada,2114,1
Lada_2115_1_gen,lada,2115,1
Lada_2171_1_gen,lada,2171,1
Lada_Granta_1_gen,lada,granta,1
Lada_Kalina_1_gen,lada,kalina,1
Lada_Largus_1_gen,lada,largus,1
Lada_Niva_1_gen,lada,niva,1
Lada_Oka_1_gen,lada,oka,1
Lada_Priora_1_gen,lada,priora,1
Lada_Vesta_1_gen,lada,vesta,1
Lada_Xray_1_gen,lada,xray,1
Lamborghini_Aventador_1_gen,lamborghini,aventador,1
Lamborghini_Gallardo_1_gen,lamborghini,gallardo,1
Lamborghini_Huracan_1_gen,lamborghini,huracan,1
Lamborghini_Urus_1_gen,lamborghini,urus,1
Lancia_Delta_1_gen,lancia,delta,1
Lancia_Delta_3_gen,lancia,delta,3
Lancia_Kappa_1_gen,lancia,kappa,1
Lancia_Lybra_1_gen,lancia,lybra,1
Lancia_Musa_1_gen,lancia,musa,1
Lancia_Phedra_2_gen,lancia,phedra,2
Lancia_Thema_2_gen,lancia,thema,2
Lancia_Thesis_1_gen,lancia,thesis,1
Lancia_Y10_1_gen,lancia,y10,1
Lancia_Ypsilon_1_gen,lancia,ypsilon,1
Lancia_Ypsilon_2_gen,lancia,ypsilon,2
Land_Rover_Defender_2_gen,land rover,defender,2
Land_Rover_Defender_3_gen,land rover,defender,3
Land_Rover_Discovery_1_gen,land rover,discovery,1
Land_Rover_Discovery_1_gen_FL,land rover,discovery,1 fl
Land_Rover_Discovery_2_gen,land rover,discovery,2
Land_Rover_Discovery_3_gen,land rover,discovery,3
Land_Rover_Evoque_1_gen,land rover,evoque,1
Land_Rover_Evoque_2_gen,land rover,evoque,2
Land_Rover_Freelander_1_gen,land rover,freelander,1
Land_Rover_Freelander_2_gen,land rover,freelander,2
Land_Rover_Range_Rover_1_gen,land rover,range rover,1
Land_Rover_Range_Rover_2_gen,land rover,range rover,2
Land_Rover_Range_Rover_3_gen,land rover,range rover,3
Land_Rover_Range_Rover_4_gen,land rover,range rover,4
Lexus_Ct_1_gen,lexus,ct,1
Lexus_Ct_1_gen_FL,lexus,ct,1 fl
Lexus_Es_2_gen,lexus,es,2
Lexus_Es_3_gen,lexus,es,3
Lexus_Es_4_gen,lexus,es,4
Lexus_Es_5_gen,lexus,es,5
Lexus_Es_6_gen,lexus,es,6
Lexus_Es_7_gen,lexus,es,7
Lexus_Gs_1_gen,lexus,gs,1
Lexus_Gs_2_gen,lexus,gs,2
Lexus_Gs_3_gen,lexus,gs,3
Lexus_Gs_4_gen,lexus,gs,4
Lexus_Gx_1_gen,lexus,gx,1
Lexus_Gx_2_gen,lexus,gx,2
Lexus_Gx_2_gen_FL,lexus,gx,2 fl
Lexus_Is_1_gen,lexus,is,1
Lexus_Is_2_gen,lexus,is,2
Lexus_Is_3_gen,lexus,is,3
Lexus_Lc_1_gen,lexus,lc,1
Lexus_Ls_1_gen,lexus,ls,1
Lexus_Ls_2_gen,lexus,ls,2
Lexus_Ls_3_gen,lexus,ls,3
Lexus_Ls_4_gen,lexus,ls,4
Lexus_Ls_5_gen,lexus,ls,5
Lexus_Lx_1_gen,lexus,lx,1
Lexus_Lx_2_gen,lexus,lx,2
Lexus_Lx_3_gen,lexus,lx,3
Lexus_Lx_3_gen_FL,lexus,lx,3 fl
Lexus_Nx_1_gen,lexus,nx,1
Lexus_Rc_1_gen,lexus,rc,1
Lexus_Rx_1_gen,lexus,rx,1
Lexus_Rx_2_gen,lexus,rx,2
Lexus_Rx_3_gen,lexus,rx,3
Lexus_Rx_4_gen,lexus,rx,4
Lexus_Sc_1_gen,lexus,sc,1
Lexus_Ux_1_gen,lexus,ux,1
Lifan_Breez_1_gen,lifan,breez,1
Lifan_Solano_1_gen,lifan,solano,1
Lifan_X60_1_gen,lifan,x60,1
Lifan_Xuanlang_1_gen,lifan,xuanlang,1
Ligier_J50_1_gen,ligier,j50,1
Ligier_X_Too_1_gen,ligier,x too,1
Lincoln_Aviator_1_gen,lincoln,aviator,1
Lincoln_Blackwood_1_gen,lincoln,blackwood,1
Lincoln_Continental_10_gen,lincoln,continental,10
Lincoln_Continental_5_gen,lincoln,continental,5
Lincoln_Continental_6_gen,lincoln,continental,6
Lincoln_Continental_7_gen,lincoln,continental,7
Lincoln_Continental_8_gen,lincoln,continental,8
Lincoln_Continental_9_gen,lincoln,continental,9
Lincoln_Ls_1_gen,lincoln,ls,1
Lincoln_Mark_2_gen,lincoln,mark,2
Lincoln_Mark_3_gen,lincoln,mark,3
Lincoln_Mark_4_gen,lincoln,mark,4
Lincoln_Mark_5_gen,lincoln,mark,5
Lincoln_Mark_6_gen,lincoln,mark,6
Lincoln_Mark_7_gen,lincoln,mark,7
Lincoln_Mark_Lt_1_gen,lincoln,mark lt,1
Lincoln_Mkc_1_gen,lincoln,mkc,1
Lincoln_Mks_1_gen,lincoln,mks,1
Lincoln_Mkt_1_gen,lincoln,mkt,1
Lincoln_Mkx_1_gen,lincoln,mkx,1
Lincoln_Mkx_2_gen,lincoln,mkx,2
Lincoln_Mkz_1_gen,lincoln,mkz,1
Lincoln_Mkz_2_gen,lincoln,mkz,2
Lincoln_Navigator_1_gen,lincoln,navigator,1
Lincoln_Navigator_2_gen,lincoln,navigator,2
Lincoln_Navigator_3_gen,lincoln,navigator,3
Lincoln_Navigator_4_gen,lincoln,navigator,4
Lincoln_Towncar_1_gen,lincoln,towncar,1
Lincoln_Towncar_2_gen,lincoln,towncar,2
Lincoln_Towncar_3_gen,lincoln,towncar,3
Lotus_Elise_2_gen,lotus,elise,2
Lotus_Esprit_3_gen,lotus,esprit,3
Lotus_Evora_1_gen,lotus,evora,1
Luaz_969_1_gen,luaz,969,1
Man_M90_1_gen,man,m90,1
Man_TGX_1_gen,man,tgx,1
Man_Tgs_1_gen,man,tgs,1
Maserati_Ghibli_1_gen,maserati,ghibli,1
Maserati_Gran_Turismo_1_gen,maserati,gran turismo,1
Maserati_Gransport_1_gen,maserati,gransport,1
Maserati_Levante_1_gen,maserati,levante,1
Maserati_Quattroporte_5_gen,maserati,quattroporte,5
Maserati_Quattroporte_6_gen,maserati,quattroporte,6
Maserati_Spider_1_gen,maserati,spider,1
Maybach_57_1_gen,maybach,57,1
Maybach_62_1_gen,maybach,62,1
Maz_206069_1_gen,maz,206069,1
Maz_5336_1_gen,maz,5336,1
Maz_551633_1_gen,maz,551633,1
Maz_5549_1_gen,maz,5549,1
Maz_5551_1_gen,maz,5551,1
Mazda_2_2_gen,mazda,2,2
Mazda_2_3_gen,mazda,2,3
Mazda_2_4_gen,mazda,2,4
Mazda_323F_1_gen,mazda,323f,1
Mazda_323_6_gen,mazda,323,6
Mazda_323_7_gen,mazda,323,7
Mazda_323_8_gen,mazda,323,8
Mazda_3_1_gen,mazda,3,1
Mazda_3_2_gen,mazda,3,2
Mazda_3_3_gen,mazda,3,3
Mazda_3_4_gen,mazda,3,4
Mazda_5_1_gen,mazda,5,1
Mazda_5_2_gen,mazda,5,2
Mazda_5_3_gen,mazda,5,3
Mazda_626_4_gen,mazda,626,4
Mazda_626_5_gen,mazda,626,5
Mazda_626_6_gen,mazda,626,6
Mazda_6_1_gen,mazda,6,1
Mazda_6_2_gen,mazda,6,2
Mazda_6_3_gen,mazda,6,3
Mazda_929_6_gen,mazda,929,6
Mazda_B_3_gen,mazda,b,3
Mazda_B_4_gen,mazda,b,4
Mazda_B_5_gen,mazda,b,5
Mazda_Bongo_3_gen,mazda,bongo,3
Mazda_CX_30_1_gen,mazda,cx 30,1
Mazda_CX_3_1_gen,mazda,cx 3,1
Mazda_CX_5_1_gen,mazda,cx 5,1
Mazda_CX_5_2_gen,mazda,cx 5,2
Mazda_CX_7_1_gen,mazda,cx 7,1
Mazda_CX_9_1_gen,mazda,cx 9,1
Mazda_CX_9_2_gen,mazda,cx 9,2
Mazda_Lantis_1_gen,mazda,lantis,1
Mazda_MX_5_2_gen,mazda,mx 5,2
Mazda_MX_5_3_gen,mazda,mx 5,3
Mazda_MX_5_4_gen,mazda,mx 5,4
Mazda_Mpv_1_gen,mazda,mpv,1
Mazda_Mpv_2_gen,mazda,mpv,2
Mazda_Mx3_1_gen,mazda,mx3,1
Mazda_Mx6_1_gen,mazda,mx6,1
Mazda_Mx6_2_gen,mazda,mx6,2
Mazda_Navajo_1_gen,mazda,navajo,1
Mazda_RX8_1_gen,mazda,rx8,1
Mazda_Rx7_1_gen,mazda,rx7,1
Mazda_Rx7_2_gen,mazda,rx7,2
Mazda_Rx7_3_gen,mazda,rx7,3
Mazda_Tribute_1_gen,mazda,tribute,1
Mazda_Tribute_2_gen,mazda,tribute,2
Mazda_Xedos_6_1_gen,mazda,xedos 6,1
Mercedes_250_1_gen,mercedes,250,1
Mercedes_A_1_gen,mercedes,a,1
Mercedes_A_2_gen,mercedes,a,2
Mercedes_A_3_gen,mercedes,a,3
Mercedes_A_4_gen,mercedes,a,4
Mercedes_Actros_1_gen,mercedes,actros,1
Mercedes_Atego_3_gen,mercedes,atego,3
Mercedes_Axor_3236_1_gen,mercedes,axor 3236,1
Mercedes_B_1_gen,mercedes,b,1
Mercedes_B_2_gen,mercedes,b,2
Mercedes_B_3_gen,mercedes,b,3
Mercedes_CLA_1_gen,mercedes,cla,1
Mercedes_CLA_2_gen,mercedes,cla,2
Mercedes_CLK_1_gen,mercedes,clk,1
Mercedes_CLK_2_gen,mercedes,clk,2
Mercedes_CLS_1_gen,mercedes,cls,1
Mercedes_CLS_2_gen,mercedes,cls,2
Mercedes_CLS_2_gen_FL,mercedes,cls,2 fl
Mercedes_CL_1_gen,mercedes,cl,1
Mercedes_CL_2_gen,mercedes,cl,2
Mercedes_CL_3_gen,mercedes,cl,3
Mercedes_C_1_gen,mercedes,c,1
Mercedes_C_2_gen,mercedes,c,2
Mercedes_C_3_gen,mercedes,c,3
Mercedes_C_4_gen,mercedes,c,4
Mercedes_Citan_1_gen,mercedes,citan,1
Mercedes_E_1_gen,mercedes,e,1
Mercedes_E_2_gen,mercedes,e,2
Mercedes_E_3_gen,mercedes,e,3
Mercedes_E_4_gen,mercedes,e,4
Mercedes_E_5_gen,mercedes,e,5
Mercedes_GLA_1_gen,mercedes,gla,1
Mercedes_GLB_1_gen,mercedes,glb,1
Mercedes_GLC_1_gen,mercedes,glc,1
Mercedes_GLE_1_gen,mercedes,gle,1
Mercedes_GLE_2_gen,mercedes,gle,2
Mercedes_GLK_1_gen,mercedes,glk,1
Mercedes_GLK_1_gen_FL,mercedes,glk,1 fl
Mercedes_GLS_1_gen,mercedes,gls,1
Mercedes_GL_1_gen,mercedes,gl,1
Mercedes_GL_2_gen,mercedes,gl,2
Mercedes_GT_1_gen,mercedes,gt,1
Mercedes_G_1_gen,mercedes,g,1
Mercedes_G_2_gen,mercedes,g,2
Mercedes_MB100_1_gen,mercedes,mb100,1
Mercedes_ML_1_gen,mercedes,ml,1
Mercedes_ML_2_gen,mercedes,ml,2
Mercedes_O309_1_gen,mercedes,o309,1
Mercedes_R_1_gen,mercedes,r,1
Mercedes_R_1_gen_FL,mercedes,r,1 fl
Mercedes_SL_2_gen,mercedes,sl,2
Mercedes_SL_3_gen,mercedes,sl,3
Mercedes_SL_4_gen,mercedes,sl,4
Mercedes_SL_5_gen,mercedes,sl,5
Mercedes_SL_6_gen_FL,mercedes,sl,6 fl
Mercedes_S_2_gen,mercedes,s,2
Mercedes_S_3_gen,mercedes,s,3
Mercedes_S_4_gen,mercedes,s,4
Mercedes_S_5_gen,mercedes,s,5
Mercedes_S_6_gen,mercedes,s,6
Mercedes_S_Coupe_1_gen,mercedes,s coupe,1
Mercedes_Slk_1_gen,mercedes,slk,1
Mercedes_Slk_2_gen,mercedes,slk,2
Mercedes_Slr_1_gen,mercedes,slr,1
Mercedes_Sprinter_1_gen,mercedes,sprinter,1
Mercedes_Sprinter_2_gen,mercedes,sprinter,2
Mercedes_Sprinter_3_gen,mercedes,sprinter,3
Mercedes_T1_1_gen,mercedes,t1,1
Mercedes_Vaneo_1_gen,mercedes,vaneo,1
Mercedes_Vito_1_gen,mercedes,vito,1
Mercedes_Vito_2_gen,mercedes,vito,2
Mercedes_Vito_3_gen,mercedes,vito,3
Mercedes_W123_1_gen,mercedes,w123,1
Mercedes_W201_1_gen,mercedes,w201,1
Mercedes_X_1_gen,mercedes,x,1
Mercury_Capri_2_gen,mercury,capri,2
Mercury_Capri_3_gen,mercury,capri,3
Mercury_Cougar_1_gen,mercury,cougar,1
Mercury_Cougar_3_gen,mercury,cougar,3
Mercury_Cougar_4_gen,mercury,cougar,4
Mercury_Cougar_6_gen,mercury,cougar,6
Mercury_Cougar_7_gen,mercury,cougar,7
Mercury_Cougar_8_gen,mercury,cougar,8
Mercury_Grandmarquis_1_gen,mercury,grandmarquis,1
Mercury_Grandmarquis_2_gen,mercury,grandmarquis,2
Mercury_Grandmarquis_3_gen,mercury,grandmarquis,3
Mercury_Grandmarquis_4_gen,mercury,grandmarquis,4
Mercury_Marauder_revival_1_gen,mercury,marauder revival,1
Mercury_Mariner_1_gen,mercury,mariner,1
Mercury_Mariner_2_gen,mercury,mariner,2
Mercury_Milan_1_gen,mercury,milan,1
Mercury_Montego_2_gen,mercury,montego,2
Mercury_Montego_3_gen,mercury,montego,3
Mercury_Monterey_7_gen,mercury,monterey,7
Mercury_Mountaineer_1_gen,mercury,mountaineer,1
Mercury_Mountaineer_2_gen,mercury,mountaineer,2
Mercury_Mountaineer_3_gen,mercury,mountaineer,3
Mercury_Sable_1_gen,mercury,sable,1
Mercury_Sable_2_gen,mercury,sable,2
Mercury_Sable_3_gen,mercury,sable,3
Mercury_Sable_4_gen,mercury,sable,4
Mercury_Sable_5_gen,mercury,sable,5
Mercury_Topaz_2_gen,mercury,topaz,2
Mercury_Tracer_1_gen,mercury,tracer,1
Mercury_Tracer_2_gen,mercury,tracer,2
Mercury_Tracer_3_gen,mercury,tracer,3
Mercury_Villager_1_gen,mercury,villager,1
Mercury_Villager_2_gen,mercury,villager,2
Mg_5_1_gen,mg,5,1
Mg_6_1_gen,mg,6,1
Mg_Zr_1_gen,mg,zr,1
Mini_Clubman_1_gen,mini,clubman,1
Mini_Clubman_2_gen,mini,clubman,2
Mini_Cooper_1_gen,mini,cooper,1
Mini_Cooper_2_gen,mini,cooper,2
Mini_Cooper_3_gen,mini,cooper,3
Mini_Countryman_1_gen,mini,countryman,1
Mini_Countryman_2_gen,mini,countryman,2
Mini_Paceman_1_gen,mini,paceman,1
Mitsubishi_3000Gt_1_gen,mitsubishi,3000gt,1
Mitsubishi_Asx_3_gen,mitsubishi,asx,3
Mitsubishi_Asx_4_gen,mitsubishi,asx,4
Mitsubishi_Carisma_1_gen_FL,mitsubishi,carisma,1 fl
Mitsubishi_Chariot_3_gen,mitsubishi,chariot,3
Mitsubishi_Colt_2_gen,mitsubishi,colt,2
Mitsubishi_Colt_2_gen_FL,mitsubishi,colt,2 fl
Mitsubishi_Colt_5_gen_EU,mitsubishi,colt,5 eu
Mitsubishi_Delica_4_gen,mitsubishi,delica,4
Mitsubishi_Diamante_1_gen,mitsubishi,diamante,1
Mitsubishi_Diamante_2_gen,mitsubishi,diamante,2
Mitsubishi_Eclipse_1_gen,mitsubishi,eclipse,1
Mitsubishi_Eclipse_2_gen,mitsubishi,eclipse,2
Mitsubishi_Eclipse_3_gen,mitsubishi,eclipse,3
Mitsubishi_Eclipse_4_gen,mitsubishi,eclipse,4
Mitsubishi_Eclipse_Cross_1_gen,mitsubishi,eclipse cross,1
Mitsubishi_Endeavor_1_gen,mitsubishi,endeavor,1
Mitsubishi_GTO_1_gen,mitsubishi,gto,1
Mitsubishi_Galant_6_gen,mitsubishi,galant,6
Mitsubishi_Galant_7_gen,mitsubishi,galant,7
Mitsubishi_Galant_8_gen,mitsubishi,galant,8
Mitsubishi_Galant_9_gen,mitsubishi,galant,9
Mitsubishi_Grandis_1_gen,mitsubishi,grandis,1
Mitsubishi_I_Miev_1_gen,mitsubishi,i miev,1
Mitsubishi_L200_3_gen,mitsubishi,l200,3
Mitsubishi_L200_4_gen,mitsubishi,l200,4
Mitsubishi_L200_5_gen,mitsubishi,l200,5
Mitsubishi_L200_5_gen_FL,mitsubishi,l200,5 fl
Mitsubishi_L300_3_gen,mitsubishi,l300,3
Mitsubishi_Lancer_10_gen,mitsubishi,lancer,10
Mitsubishi_Lancer_8_gen,mitsubishi,lancer,8
Mitsubishi_Lancer_9_gen,mitsubishi,lancer,9
Mitsubishi_Mighty Max_2_gen,mitsubishi,mighty max,2
Mitsubishi_Mirage_5_gen,mitsubishi,mirage,5
Mitsubishi_Mirage_6_gen,mitsubishi,mirage,6
Mitsubishi_Outlander_1_gen,mitsubishi,outlander,1
Mitsubishi_Outlander_2_gen,mitsubishi,outlander,2
Mitsubishi_Outlander_2_gen_FL,mitsubishi,outlander,2 fl
Mitsubishi_Outlander_3_gen,mitsubishi,outlander,3
Mitsubishi_Outlander_4_gen,mitsubishi,outlander,4
Mitsubishi_Pajero_1_gen,mitsubishi,pajero,1
Mitsubishi_Pajero_2_gen,mitsubishi,pajero,2
Mitsubishi_Pajero_3_gen,mitsubishi,pajero,3
Mitsubishi_Pajero_4_gen,mitsubishi,pajero,4
Mitsubishi_Pajero_Pinin_1_gen,mitsubishi,pajero pinin,1
Mitsubishi_Pajero_Sport_1_gen,mitsubishi,pajero sport,1
Mitsubishi_Pajero_Sport_2_gen,mitsubishi,pajero sport,2
Mitsubishi_Pajero_Sport_3_gen,mitsubishi,pajero sport,3
Mitsubishi_Raider_1_gen,mitsubishi,raider,1
Mitsubishi_Space_Star_1_gen_FL,mitsubishi,space star,1 fl
Mitsubishi_Space_Star_2_gen,mitsubishi,space star,2
Mitsubishi_Space_Star_2_gen_FL,mitsubishi,space star,2 fl
Mitsubishi_Starion_1_gen,mitsubishi,starion,1
Moscvitch_412_1_gen,moscvitch,412,1
Mosvitch_2141_1_gen,mosvitch,2141,1
Neoplan_Megaliner_1_gen,neoplan,megaliner,1
Neoplan_Starliner_1_gen,neoplan,starliner,1
Nissan_240sx_2_gen,nissan,240sx,2
Nissan_300Zx_1_gen,nissan,300zx,1
Nissan_300Zx_2_gen,nissan,300zx,2
Nissan_350z_1_gen,nissan,350z,1
Nissan_370z_1_gen,nissan,370z,1
Nissan_720_1_gen,nissan,720,1
Nissan_Almera_1_gen,nissan,almera,1
Nissan_Almera_2_gen,nissan,almera,2
Nissan_Almera_Classic_2_gen,nissan,almera classic,2
Nissan_Altima_1_gen,nissan,altima,1
Nissan_Altima_2_gen,nissan,altima,2
Nissan_Altima_3_gen,nissan,altima,3
Nissan_Altima_4_gen,nissan,altima,4
Nissan_Armada_1_gen,nissan,armada,1
Nissan_Bluebird_11_gen,nissan,bluebird,11
Nissan_Bluebird_12_gen,nissan,bluebird,12
Nissan_Bluebird_14_gen,nissan,bluebird,14
Nissan_Cube_3_gen,nissan,cube,3
Nissan_Fairlady_Z_1_gen,nissan,fairlady z,1
Nissan_Frontier_2_gen,nissan,frontier,2
Nissan_GT_R_1_gen,nissan,gt r,1
Nissan_Juke_1_gen,nissan,juke,1
Nissan_Juke_1_gen_FL,nissan,juke,1 fl
Nissan_Juke_2_gen,nissan,juke,2
Nissan_Latio_1_gen,nissan,latio,1
Nissan_Leaf_1_gen,nissan,leaf,1
Nissan_Leaf_2_gen,nissan,leaf,2
Nissan_Livina_1_gen,nissan,livina,1
Nissan_Maxima_2_gen,nissan,maxima,2
Nissan_Maxima_3_gen,nissan,maxima,3
Nissan_Maxima_4_gen,nissan,maxima,4
Nissan_Maxima_5_gen,nissan,maxima,5
Nissan_Maxima_6_gen,nissan,maxima,6
Nissan_Maxima_7_gen,nissan,maxima,7
Nissan_Maxima_8_gen,nissan,maxima,8
Nissan_Micra_1_gen,nissan,micra,1
Nissan_Micra_2_gen,nissan,micra,2
Nissan_Micra_3_gen,nissan,micra,3
Nissan_Micra_4_gen,nissan,micra,4
Nissan_Micra_5_gen,nissan,micra,5
Nissan_Murano_1_gen,nissan,murano,1
Nissan_Murano_2_gen,nissan,murano,2
Nissan_Murano_3_gen,nissan,murano,3
Nissan_NP300_1_gen,nissan,np300,1
Nissan_NV200_1_gen,nissan,nv200,1
Nissan_NV400_1_gen,nissan,nv400,1
Nissan_Navara_1_gen,nissan,navara,1
Nissan_Navara_2_gen,nissan,navara,2
Nissan_Navara_3_gen,nissan,navara,3
Nissan_Note_1_gen,nissan,note,1
Nissan_Note_2_gen,nissan,note,2
Nissan_Pathfinder_1_gen,nissan,pathfinder,1
Nissan_Pathfinder_2_gen,nissan,pathfinder,2
Nissan_Pathfinder_3_gen,nissan,pathfinder,3
Nissan_Pathfinder_4_gen,nissan,pathfinder,4
Nissan_Patrol_4_gen,nissan,patrol,4
Nissan_Patrol_5_gen,nissan,patrol,5
Nissan_Patrol_6_gen,nissan,patrol,6
Nissan_Pino_2_gen,nissan,pino,2
Nissan_Pixo_1_gen,nissan,pixo,1
Nissan_Presage_2_gen,nissan,presage,2
Nissan_Primera_1_gen,nissan,primera,1
Nissan_Primera_2_gen,nissan,primera,2
Nissan_Primera_2_gen_FL,nissan,primera,2 fl
Nissan_Primera_3_gen,nissan,primera,3
Nissan_Qashqai_1_gen,nissan,qashqai,1
Nissan_Qashqai_1_gen_FL,nissan,qashqai,1 fl
Nissan_Qashqai_2_gen,nissan,qashqai,2
Nissan_Qashqai_2_gen_FL,nissan,qashqai,2 fl
Nissan_Quest_1_gen,nissan,quest,1
Nissan_Quest_2_gen,nissan,quest,2
Nissan_Quest_3_gen,nissan,quest,3
Nissan_Quest_4_gen,nissan,quest,4
Nissan_Rogue_1_gen,nissan,rogue,1
Nissan_Sentra_1_gen,nissan,sentra,1
Nissan_Sentra_2_gen,nissan,sentra,2
Nissan_Sentra_3_gen,nissan,sentra,3
Nissan_Sentra_4_gen,nissan,sentra,4
Nissan_Sentra_5_gen,nissan,sentra,5
Nissan_Sentra_6_gen,nissan,sentra,6
Nissan_Stanza_4_gen,nissan,stanza,4
Nissan_Sunny_5_gen,nissan,sunny,5
Nissan_Sunny_6_gen,nissan,sunny,6
Nissan_Sunny_7_gen,nissan,sunny,7
Nissan_Sunny_8_gen,nissan,sunny,8
Nissan_Sylphy_1_gen,nissan,sylphy,1
Nissan_Sylphy_2_gen,nissan,sylphy,2
Nissan_Sylphy_3_gen,nissan,sylphy,3
Nissan_Teana_1_gen,nissan,teana,1
Nissan_Teana_2_gen,nissan,teana,2
Nissan_Teana_3_gen,nissan,teana,3
Nissan_Terrano_1_gen,nissan,terrano,1
Nissan_Terrano_2_gen,nissan,terrano,2
Nissan_Tiida_1_gen,nissan,tiida,1
Nissan_Tiida_2_gen,nissan,tiida,2
Nissan_Tiida_3_gen,nissan,tiida,3
Nissan_Tino_1_gen,nissan,tino,1
Nissan_Titan_1_gen,nissan,titan,1
Nissan_Vanette_1_gen,nissan,vanette,1
Nissan_X_Trail_1_gen,nissan,x trail,1
Nissan_X_Trail_2_gen,nissan,x trail,2
Nissan_X_Trail_3_gen,nissan,x trail,3
Nissan_Xterra_1_gen,nissan,xterra,1
Nissan_Xterra_2_gen,nissan,xterra,2
Oldsmobile_Achieva_1_gen,oldsmobile,achieva,1
Oldsmobile_Alero_1_gen,oldsmobile,alero,1
Oldsmobile_Aurora_1_gen,oldsmobile,aurora,1
Oldsmobile_Aurora_2_gen,oldsmobile,aurora,2
Oldsmobile_Bravada_1_gen,oldsmobile,bravada,1
Oldsmobile_Bravada_2_gen,oldsmobile,bravada,2
Oldsmobile_Bravada_3_gen,oldsmobile,bravada,3
Oldsmobile_Cutlass_3_gen,oldsmobile,cutlass,3
Oldsmobile_Cutlass_4_gen,oldsmobile,cutlass,4
Oldsmobile_Cutlass_5_gen,oldsmobile,cutlass,5
Oldsmobile_Cutlass_6_gen,oldsmobile,cutlass,6
Oldsmobile_Eightyeight_10_gen,oldsmobile,eightyeight,10
Oldsmobile_Eightyeight_6_gen,oldsmobile,eightyeight,6
Oldsmobile_Eightyeight_7_gen,oldsmobile,eightyeight,7
Oldsmobile_Eightyeight_8_gen,oldsmobile,eightyeight,8
Oldsmobile_Eightyeight_9_gen,oldsmobile,eightyeight,9
Oldsmobile_Intrigue_1_gen,oldsmobile,intrigue,1
Oldsmobile_Ninetyeight_10_gen,oldsmobile,ninetyeight,10
Oldsmobile_Ninetyeight_11_gen,oldsmobile,ninetyeight,11
Oldsmobile_Ninetyeight_12_gen,oldsmobile,ninetyeight,12
Oldsmobile_Ninetyeight_9_gen,oldsmobile,ninetyeight,9
Oldsmobile_Omega_2_gen,oldsmobile,omega,2
Oldsmobile_Silhouette_1_gen,oldsmobile,silhouette,1
Oldsmobile_Silhouette_2_gen,oldsmobile,silhouette,2
Oldsmobile_Toronado_2_gen,oldsmobile,toronado,2
Oldsmobile_Toronado_3_gen,oldsmobile,toronado,3
Oldsmobile_Toronado_4_gen,oldsmobile,toronado,4
Opel_Adam_1_gen,opel,adam,1
Opel_Agila_1_gen,opel,agila,1
Opel_Agila_2_gen,opel,agila,2
Opel_Ampera_1_gen,opel,ampera,1
Opel_Antara_1_gen,opel,antara,1
Opel_Ascona_3_gen,opel,ascona,3
Opel_Astra_1_gen,opel,astra,1
Opel_Astra_2_gen,opel,astra,2
Opel_Astra_3_gen,opel,astra,3
Opel_Astra_4_gen,opel,astra,4
Opel_Astra_5_gen,opel,astra,5
Opel_Calibra_1_gen,opel,calibra,1
Opel_Combo_2_gen,opel,combo,2
Opel_Combo_3_gen,opel,combo,3
Opel_Combo_4_gen,opel,combo,4
Opel_Combo_5_gen,opel,combo,5
Opel_Corsa_2_gen,opel,corsa,2
Opel_Corsa_3_gen,opel,corsa,3
Opel_Corsa_4_gen,opel,corsa,4
Opel_Corsa_5_gen,opel,corsa,5
Opel_Corsa_6_gen,opel,corsa,6
Opel_Crossland_1_gen,opel,crossland,1
Opel_Frontera_2_gen,opel,frontera,2
Opel_Grandland_X_1_gen,opel,grandland x,1
Opel_Gt_1_gen,opel,gt,1
Opel_Insignia_1_gen,opel,insignia,1
Opel_Insignia_1_gen_FL,opel,insignia,1 fl
Opel_Insignia_2_gen,opel,insignia,2
Opel_Kadett_5_gen,opel,kadett,5
Opel_Karl_1_gen,opel,karl,1
Opel_Meriva_1_gen,opel,meriva,1
Opel_Meriva_2_gen,opel,meriva,2
Opel_Mokka_1_gen,opel,mokka,1
Opel_Mokka_1_gen_FL,opel,mokka,1 fl
Opel_Monterey_2_gen,opel,monterey,2
Opel_Movano_2_gen_FL,opel,movano,2 fl
Opel_Movano_3_gen,opel,movano,3
Opel_Omega_1_gen,opel,omega,1
Opel_Omega_2_gen,opel,omega,2
Opel_Signum_1_gen,opel,signum,1
Opel_Sintra_1_gen,opel,sintra,1
Opel_Tigra_2_gen,opel,tigra,2
Opel_Vectra_1_gen,opel,vectra,1
Opel_Vectra_2_gen,opel,vectra,2
Opel_Vectra_3_gen,opel,vectra,3
Opel_Vectra_3_gen_FL,opel,vectra,3 fl
Opel_Vivaro_1_gen,opel,vivaro,1
Opel_Vivaro_2_gen,opel,vivaro,2
Opel_Vivaro_3_gen,opel,vivaro,3
Opel_Zafira_1_gen,opel,zafira,1
Opel_Zafira_2_gen,opel,zafira,2
Opel_Zafira_3_gen,opel,zafira,3
Opel_Zafira_3_gen_FL,opel,zafira,3 fl
Paz_3205_1_gen,paz,3205,1
Peugeot_1007_1_gen,peugeot,1007,1
Peugeot_106_2_gen,peugeot,106,2
Peugeot_107_1_gen,peugeot,107,1
Peugeot_108_1_gen,peugeot,108,1
Peugeot_2008_1_gen,peugeot,2008,1
Peugeot_205_1_gen,peugeot,205,1
Peugeot_206_1_gen,peugeot,206,1
Peugeot_206_1_gen_FL,peugeot,206,1 fl
Peugeot_207_1_gen,peugeot,207,1
Peugeot_208_1_gen,peugeot,208,1
Peugeot_208_2_gen,peugeot,208,2
Peugeot_3008_1_gen,peugeot,3008,1
Peugeot_3008_2_gen,peugeot,3008,2
Peugeot_301_1_gen,peugeot,301,1
Peugeot_301_1_gen_FL,peugeot,301,1 fl
Peugeot_304_1_gen,peugeot,304,1
Peugeot_306_1_gen,peugeot,306,1
Peugeot_307_1_gen,peugeot,307,1
Peugeot_308_1_gen,peugeot,308,1
Peugeot_308_2_gen,peugeot,308,2
Peugeot_309_1_gen,peugeot,309,1
Peugeot_4007_1_gen,peugeot,4007,1
Peugeot_4008_1_gen,peugeot,4008,1
Peugeot_405_1_gen,peugeot,405,1
Peugeot_406_1_gen,peugeot,406,1
Peugeot_407_1_gen,peugeot,407,1
Peugeot_408_1_gen,peugeot,408,1
Peugeot_408_2_gen,peugeot,408,2
Peugeot_5008_1_gen,peugeot,5008,1
Peugeot_5008_2_gen,peugeot,5008,2
Peugeot_508_1_gen,peugeot,508,1
Peugeot_508_2_gen,peugeot,508,2
Peugeot_605_1_gen,peugeot,605,1
Peugeot_607_1_gen,peugeot,607,1
Peugeot_806_1_gen,peugeot,806,1
Peugeot_807_1_gen,peugeot,807,1
Peugeot_Bipper_1_gen,peugeot,bipper,1
Peugeot_Boxer_1_gen,peugeot,boxer,1
Peugeot_Boxer_2_gen,peugeot,boxer,2
Peugeot_Boxer_2_gen_FL,peugeot,boxer,2 fl
Peugeot_Expert_1_gen,peugeot,expert,1
Peugeot_Expert_2_gen,peugeot,expert,2
Peugeot_Expert_3_gen,peugeot,expert,3
Peugeot_Ion_1_gen,peugeot,ion,1
Peugeot_Partner_1_gen,peugeot,partner,1
Peugeot_Partner_1_gen_FL,peugeot,partner,1 fl
Peugeot_Partner_2_gen,peugeot,partner,2
Peugeot_Partner_2_gen_FL,peugeot,partner,2 fl
Peugeot_Partner_3_gen,peugeot,partner,3
Peugeot_Rcz_1_gen,peugeot,rcz,1
Peugeot_Rifter_1_gen,peugeot,rifter,1
Peugeot_Traveller_1_gen,peugeot,traveller,1
Plymouth_Acclaim_1_gen,plymouth,acclaim,1
Plymouth_Barracuda_3_gen,plymouth,barracuda,3
Plymouth_Breeze_1_gen,plymouth,breeze,1
Plymouth_Horizon_1_gen,plymouth,horizon,1
Plymouth_Prowler_1_gen,plymouth,prowler,1
Plymouth_Reliant_1_gen,plymouth,reliant,1
Plymouth_Roadrunner_1_gen,plymouth,roadrunner,1
Plymouth_Roadrunner_2_gen,plymouth,roadrunner,2
Plymouth_Roadrunner_4_gen,plymouth,roadrunner,4
Plymouth_Satellite_3_gen,plymouth,satellite,3
Plymouth_Sundance_1_gen,plymouth,sundance,1
Plymouth_Tailduster_1_gen,plymouth,tailduster,1
Plymouth_Valiant_3_gen,plymouth,valiant,3
Plymouth_Valiant_4_gen,plymouth,valiant,4
Plymouth_Volare_1_gen,plymouth,volare,1
Polaris_Slingshot_1_gen,polaris,slingshot,1
Polonez_1.5_1_gen,polonez,1.5,1
Polonez_Caro_1_gen,polonez,caro,1
Pontiac_Aztek_1_gen,pontiac,aztek,1
Pontiac_Bonneville_10_gen,pontiac,bonneville,10
Pontiac_Bonneville_5_gen,pontiac,bonneville,5
Pontiac_Bonneville_6_gen,pontiac,bonneville,6
Pontiac_Bonneville_7_gen,pontiac,bonneville,7
Pontiac_Bonneville_8_gen,pontiac,bonneville,8
Pontiac_Bonneville_9_gen,pontiac,bonneville,9
Pontiac_Catalina_3_gen,pontiac,catalina,3
Pontiac_Catalina_4_gen,pontiac,catalina,4
Pontiac_Catalina_5_gen,pontiac,catalina,5
Pontiac_Fiero_1_gen,pontiac,fiero,1
Pontiac_Firebird_2_gen,pontiac,firebird,2
Pontiac_Firebird_3_gen,pontiac,firebird,3
Pontiac_Firebird_4_gen,pontiac,firebird,4
Pontiac_G39_1_gen,pontiac,g39,1
Pontiac_G5_1_gen,pontiac,g5,1
Pontiac_G6_1_gen,pontiac,g6,1
Pontiac_G8_1_gen,pontiac,g8,1
Pontiac_Grand_Prix_2_gen,pontiac,grand prix,2
Pontiac_Grand_Prix_3_gen,pontiac,grand prix,3
Pontiac_Grand_Prix_4_gen,pontiac,grand prix,4
Pontiac_Grand_Prix_5_gen,pontiac,grand prix,5
Pontiac_Grand_Prix_6_gen,pontiac,grand prix,6
Pontiac_Grand_Prix_7_gen,pontiac,grand prix,7
Pontiac_Grandam_1_gen,pontiac,grandam,1
Pontiac_Grandam_3_gen,pontiac,grandam,3
Pontiac_Grandam_4_gen,pontiac,grandam,4
Pontiac_Grandam_5_gen,pontiac,grandam,5
Pontiac_Grandville_1_gen,pontiac,grandville,1
Pontiac_Gto_2_gen,pontiac,gto,2
Pontiac_Gto_5_gen,pontiac,gto,5
Pontiac_Lemans_3_gen,pontiac,lemans,3
Pontiac_Lemans_4_gen,pontiac,lemans,4
Pontiac_Lemans_5_gen,pontiac,lemans,5
Pontiac_Lemans_6_gen,pontiac,lemans,6
Pontiac_Montana_1_gen,pontiac,montana,1
Pontiac_Montana_2_gen,pontiac,montana,2
Pontiac_Parisienne_5_gen,pontiac,parisienne,5
Pontiac_Pursuit_1_gen,pontiac,pursuit,1
Pontiac_Solstice_1_gen,pontiac,solstice,1
Pontiac_Sunbird_1_gen,pontiac,sunbird,1
Pontiac_Sunfire_1_gen,pontiac,sunfire,1
Pontiac_Torrent_1_gen,pontiac,torrent,1
Pontiac_Transam_2_gen,pontiac,transam,2
Pontiac_Transam_3_gen,pontiac,transam,3
Pontiac_Vibe_1_gen,pontiac,vibe,1
Pontiac_Vibe_2_gen,pontiac,vibe,2
Porsche_356_1_gen,porsche,356,1
Porsche_718_1_gen,porsche,718,1
Porsche_911_1_gen,porsche,911,1
Porsche_911_2_gen,porsche,911,2
Porsche_912_2_gen,porsche,912,2
Porsche_914_1_gen,porsche,914,1
Porsche_914_2_gen,porsche,914,2
Porsche_944_1_gen,porsche,944,1
Porsche_991_1_gen,porsche,991,1
Porsche_992_1_gen,porsche,992,1
Porsche_993_1_gen,porsche,993,1
Porsche_996_1_gen,porsche,996,1
Porsche_997_1_gen,porsche,997,1
Porsche_Boxster_1_gen,porsche,boxster,1
Porsche_Boxster_2_gen,porsche,boxster,2
Porsche_Boxster_3_gen,porsche,boxster,3
Porsche_Cayenne_1_gen,porsche,cayenne,1
Porsche_Cayenne_2_gen,porsche,cayenne,2
Porsche_Cayenne_3_gen,porsche,cayenne,3
Porsche_Cayman_2_gen,porsche,cayman,2
Porsche_Macan_1_gen,porsche,macan,1
Porsche_Panamera_1_gen,porsche,panamera,1
Porsche_Panamera_2_gen,porsche,panamera,2
Ravon_R2_1_gen,ravon,r2,1
Ravon_R4_1_gen,ravon,r4,1
Renault_11_1_gen,renault,11,1
Renault_18_1_gen,renault,18,1
Renault_19_1_gen,renault,19,1
Renault_21_1_gen,renault,21,1
Renault_25_1_gen,renault,25,1
Renault_Avantime_1_gen,renault,avantime,1
Renault_Captur_1_gen,renault,captur,1
Renault_Clio_2_gen,renault,clio,2
Renault_Clio_3_gen,renault,clio,3
Renault_Clio_4_gen,renault,clio,4
Renault_Clio_5_gen,renault,clio,5
Renault_Duster_1_gen,renault,duster,1
Renault_Duster_1_gen_FL,renault,duster,1 fl
Renault_Espace_3_gen,renault,espace,3
Renault_Espace_4_gen,renault,espace,4
Renault_Espace_5_gen,renault,espace,5
Renault_Fluence_1_gen,renault,fluence,1
Renault_Kadjar_1_gen,renault,kadjar,1
Renault_Kangoo_1_gen,renault,kangoo,1
Renault_Kangoo_2_gen,renault,kangoo,2
Renault_Kerax_1_gen,renault,kerax,1
Renault_Koleos_1_gen,renault,koleos,1
Renault_Koleos_2_gen,renault,koleos,2
Renault_Laguna_1_gen,renault,laguna,1
Renault_Laguna_2_gen,renault,laguna,2
Renault_Laguna_3_gen,renault,laguna,3
Renault_Latitude_1_gen,renault,latitude,1
Renault_Magnum_4_gen,renault,magnum,4
Renault_Master_1_gen,renault,master,1
Renault_Master_2_gen,renault,master,2
Renault_Master_2_gen_FL,renault,master,2 fl
Renault_Master_3_gen,renault,master,3
Renault_Master_4_gen,renault,master,4
Renault_Megane_1_gen,renault,megane,1
Renault_Megane_2_gen,renault,megane,2
Renault_Megane_3_gen,renault,megane,3
Renault_Megane_4_gen,renault,megane,4
Renault_Midliner_1_gen,renault,midliner,1
Renault_Modus_1_gen,renault,modus,1
Renault_Premium_1_gen,renault,premium,1
Renault_Safrane_1_gen,renault,safrane,1
Renault_Sandero_1_gen,renault,sandero,1
Renault_Sandero_2_gen,renault,sandero,2
Renault_Scenic_1_gen,renault,scenic,1
Renault_Scenic_1_gen_FL,renault,scenic,1 fl
Renault_Scenic_2_gen,renault,scenic,2
Renault_Scenic_3_gen,renault,scenic,3
Renault_Scenic_4_gen,renault,scenic,4
Renault_Symbol_1_gen_FL,renault,symbol,1 fl
Renault_Symbol_2_gen,renault,symbol,2
Renault_Symbol_3_gen,renault,symbol,3
Renault_Symbol_4_gen,renault,symbol,4
Renault_Talisman_1_gen,renault,talisman,1
Renault_Trafic_1_gen,renault,trafic,1
Renault_Trafic_2_gen,renault,trafic,2
Renault_Trafic_3_gen,renault,trafic,3
Renault_Twingo_1_gen,renault,twingo,1
Renault_Twingo_2_gen,renault,twingo,2
Renault_Twingo_3_gen,renault,twingo,3
Renault_Twizy_1_gen,renault,twizy,1
Renault_Vel_Satis_1_gen,renault,vel satis,1
Renault_Zoe_1_gen,renault,zoe,1
Roewe_350_1_gen,roewe,350,1
Roewe_550_1_gen,roewe,550,1
Roewe_750_1_gen,roewe,750,1
Roewe_RX5_1_gen,roewe,rx5,1
Rolls_Royce_Corniche_1_gen,rolls royce,corniche,1
Rolls_Royce_Corniche_2_gen,rolls royce,corniche,2
Rolls_Royce_Phantom_1_gen,rolls royce,phantom,1
Rolls_Royce_Phantom_6_gen,rolls royce,phantom,6
Rolls_Royce_Silver_Shadow_1_gen,rolls royce,silver shadow,1
Rolls_Royce_Wraith_1_gen,rolls royce,wraith,1
Rover_200_3_gen,rover,200,3
Rover_400_2_gen,rover,400,2
Rover_45_1_gen,rover,45,1
Rover_600_1_gen,rover,600,1
Rover_75_1_gen,rover,75,1
Rover_800_1_gen,rover,800,1
Saab_9000_1_gen,saab,9000,1
Saab_900_1_gen,saab,900,1
Saab_900_2_gen,saab,900,2
Saab_9_3_1_gen,saab,9 3,1
Saab_9_3_2_gen,saab,9 3,2
Saab_9_3_2_gen_FL,saab,9 3,2 fl
Saab_9_5_1_gen,saab,9 5,1
Saab_9_5_1_gen_FL,saab,9 5,1 fl
Saab_9_5_2_gen,saab,9 5,2
Saab_9_5_2_gen_FL,saab,9 5,2 fl
Saab_9_7_1_gen,saab,9 7,1
Saturn_Aura_1_gen,saturn,aura,1
Saturn_Ion_1_gen,saturn,ion,1
Saturn_L_Series_1_gen,saturn,l series,1
Saturn_Outlook_1_gen,saturn,outlook,1
Saturn_Relay_1_gen,saturn,relay,1
Saturn_Sc_1_gen,saturn,sc,1
Saturn_Sc_2_gen,saturn,sc,2
Saturn_Sc_3_gen,saturn,sc,3
Saturn_Sky_1_gen,saturn,sky,1
Saturn_Sl_1_gen,saturn,sl,1
Saturn_Sl_2_gen,saturn,sl,2
Saturn_Sl_3_gen,saturn,sl,3
Scania_R410_1_gen,scania,r410,1
Scania_S_1_gen,scania,s,1
Scion_Frs_1_gen,scion,frs,1
Scion_Iq_1_gen,scion,iq,1
Scion_Tc_1_gen,scion,tc,1
Seat_Alhambra_1_gen,seat,alhambra,1
Seat_Alhambra_2_gen,seat,alhambra,2
Seat_Altea_1_gen,seat,altea,1
Seat_Arona_1_gen,seat,arona,1
Seat_Arosa_1_gen,seat,arosa,1
Seat_Arosa_1_gen_FL,seat,arosa,1 fl
Seat_Ateca_1_gen,seat,ateca,1
Seat_Cordoba_1_gen,seat,cordoba,1
Seat_Cordoba_2_gen,seat,cordoba,2
Seat_Exeo_1_gen,seat,exeo,1
Seat_Ibiza_1_gen,seat,ibiza,1
Seat_Ibiza_2_gen,seat,ibiza,2
Seat_Ibiza_3_gen,seat,ibiza,3
Seat_Ibiza_4_gen,seat,ibiza,4
Seat_Leon_1_gen,seat,leon,1
Seat_Leon_2_gen,seat,leon,2
Seat_Leon_3_gen,seat,leon,3
Seat_Mii_1_gen,seat,mii,1
Seat_Tarraco_1_gen,seat,tarraco,1
Seat_Toledo_1_gen,seat,toledo,1
Seat_Toledo_2_gen,seat,toledo,2
Seat_Toledo_3_gen,seat,toledo,3
Seat_Toledo_4_gen,seat,toledo,4
Skoda_Citigo_1_gen,skoda,citigo,1
Skoda_Fabia_1_gen,skoda,fabia,1
Skoda_Fabia_2_gen,skoda,fabia,2
Skoda_Fabia_3_gen,skoda,fabia,3
Skoda_Fabia_3_gen_FL,skoda,fabia,3 fl
Skoda_Favorit_1_gen,skoda,favorit,1
Skoda_Felicia_1_gen,skoda,felicia,1
Skoda_Kamiq_1_gen,skoda,kamiq,1
Skoda_Karoq_1_gen,skoda,karoq,1
Skoda_Kodiaq_1_gen,skoda,kodiaq,1
Skoda_Octavia_1_gen,skoda,octavia,1
Skoda_Octavia_2_gen,skoda,octavia,2
Skoda_Octavia_2_gen_FL,skoda,octavia,2 fl
Skoda_Octavia_3_gen,skoda,octavia,3
Skoda_Octavia_3_gen_FL,skoda,octavia,3 fl
Skoda_Rapid_1_gen,skoda,rapid,1
Skoda_Roomster_1_gen,skoda,roomster,1
Skoda_Scala_1_gen,skoda,scala,1
Skoda_Superb_1_gen,skoda,superb,1
Skoda_Superb_2_gen,skoda,superb,2
Skoda_Superb_3_gen,skoda,superb,3
Skoda_Yeti_1_gen,skoda,yeti,1
Skoda_Yeti_1_gen_FL,skoda,yeti,1 fl
Smart_Forfour_1_gen,smart,forfour,1
Smart_Forfour_2_gen,smart,forfour,2
Smart_Fortwo_1_gen,smart,fortwo,1
Smart_Fortwo_2_gen,smart,fortwo,2
Smart_Fortwo_3_gen,smart,fortwo,3
Smart_Roadster_1_gen,smart,roadster,1
Solaris_Urbinos_1_gen,solaris,urbinos,1
Ssang_Yong_Actyon_1_gen,ssang yong,actyon,1
Ssang_Yong_Actyon_1_gen_FL,ssang yong,actyon,1 fl
Ssang_Yong_Korando_1_gen,ssang yong,korando,1
Ssang_Yong_Korando_2_gen,ssang yong,korando,2
Ssang_Yong_Korando_3_gen,ssang yong,korando,3
Ssang_Yong_Korando_3_gen_FL,ssang yong,korando,3 fl
Ssang_Yong_Korando_4_gen,ssang yong,korando,4
Ssang_Yong_Kyron_1_gen,ssang yong,kyron,1
Ssang_Yong_Musso_1_gen,ssang yong,musso,1
Ssang_Yong_Rexton_1_gen,ssang yong,rexton,1
Ssang_Yong_Rexton_1_gen_FL,ssang yong,rexton,1 fl
Ssang_Yong_Rexton_2_gen,ssang yong,rexton,2
Ssang_Yong_Rodius_1_gen,ssang yong,rodius,1
Ssang_Yong_Tivoli_1_gen,ssang yong,tivoli,1
Ssang_Yong_Tivoli_1_gen_FL,ssang yong,tivoli,1 fl
Subaru_Baja_1_gen,subaru,baja,1
Subaru_Brz_1_gen,subaru,brz,1
Subaru_Forester_1_gen,subaru,forester,1
Subaru_Forester_2_gen,subaru,forester,2
Subaru_Forester_3_gen,subaru,forester,3
Subaru_Forester_4_gen,subaru,forester,4
Subaru_Forester_5_gen,subaru,forester,5
Subaru_Impreza_1_gen,subaru,impreza,1
Subaru_Impreza_2_gen,subaru,impreza,2
Subaru_Impreza_3_gen,subaru,impreza,3
Subaru_Impreza_4_gen,subaru,impreza,4
Subaru_Impreza_5_gen,subaru,impreza,5
Subaru_Justy_2_gen,subaru,justy,2
Subaru_Justy_3_gen,subaru,justy,3
Subaru_Legacy_1_gen,subaru,legacy,1
Subaru_Legacy_2_gen,subaru,legacy,2
Subaru_Legacy_3_gen,subaru,legacy,3
Subaru_Legacy_4_gen,subaru,legacy,4
Subaru_Legacy_5_gen,subaru,legacy,5
Subaru_Legacy_6_gen,subaru,legacy,6
Subaru_Levorg_1_gen,subaru,levorg,1
Subaru_Outback_1_gen,subaru,outback,1
Subaru_Outback_2_gen,subaru,outback,2
Subaru_Outback_3_gen,subaru,outback,3
Subaru_Outback_4_gen,subaru,outback,4
Subaru_Outback_5_gen,subaru,outback,5
Subaru_Svx_1_gen,subaru,svx,1
Subaru_Tribeca_1_gen,subaru,tribeca,1
Subaru_Tribeca_1_gen_FL,subaru,tribeca,1 fl
Subaru_XV_1_gen,subaru,xv,1
Subaru_XV_2_gen,subaru,xv,2
Suzuki_Alto_5_gen,suzuki,alto,5
Suzuki_Alto_7_gen,suzuki,alto,7
Suzuki_Baleno_1_gen,suzuki,baleno,1
Suzuki_Baleno_2_gen,suzuki,baleno,2
Suzuki_Celerio_1_gen,suzuki,celerio,1
Suzuki_Ignis_1_gen,suzuki,ignis,1
Suzuki_Ignis_2_gen,suzuki,ignis,2
Suzuki_Ignis_3_gen,suzuki,ignis,3
Suzuki_Jimny_2_gen,suzuki,jimny,2
Suzuki_Jimny_3_gen,suzuki,jimny,3
Suzuki_Jimny_4_gen,suzuki,jimny,4
Suzuki_Kizashi_1_gen,suzuki,kizashi,1
Suzuki_Liana_1_gen,suzuki,liana,1
Suzuki_SX4_1_gen,suzuki,sx4,1
Suzuki_SX4_2_gen,suzuki,sx4,2
Suzuki_Splash_1_gen,suzuki,splash,1
Suzuki_Swift_1_gen,suzuki,swift,1
Suzuki_Swift_2_gen,suzuki,swift,2
Suzuki_Swift_3_gen,suzuki,swift,3
Suzuki_Swift_4_gen,suzuki,swift,4
Suzuki_Vitara_1_gen,suzuki,vitara,1
Suzuki_Vitara_2_gen,suzuki,vitara,2
Suzuki_Vitara_3_gen,suzuki,vitara,3
Suzuki_Vitara_4_gen,suzuki,vitara,4
Suzuki_Wagon_R_1_gen,suzuki,wagon r,1
Suzuki_X90_1_gen,suzuki,x90,1
Suzuki_Xl7_2_gen,suzuki,xl7,2
Tata_Indica_1_gen,tata,indica,1
Tata_Safari_1_gen,tata,safari,1
Tavriya_1102_1_gen,tavriya,1102,1
Tavriya_1105_1_gen,tavriya,1105,1
Tavriya_Pickup_1_gen,tavriya,pickup,1
Tavriya_Slavuta_1_gen,tavriya,slavuta,1
Tesla_Model_3_1_gen,tesla,model 3,1
Tesla_Model_S_1_gen,tesla,model s,1
Tesla_Model_X_1_gen,tesla,model x,1
Toyota_4Runner_1_gen,toyota,4runner,1
Toyota_4Runner_2_gen,toyota,4runner,2
Toyota_4Runner_3_gen,toyota,4runner,3
Toyota_4Runner_4_gen,toyota,4runner,4
Toyota_4Runner_5_gen,toyota,4runner,5
Toyota_4Runner_5_gen_FL,toyota,4runner,5 fl
Toyota_Aqua_1_gen,toyota,aqua,1
Toyota_Aurion_1_gen,toyota,aurion,1
Toyota_Aurion_1_gen_FL,toyota,aurion,1 fl
Toyota_Auris_1_gen,toyota,auris,1
Toyota_Auris_2_gen,toyota,auris,2
Toyota_Avalon_1_gen,toyota,avalon,1
Toyota_Avalon_3_gen,toyota,avalon,3
Toyota_Avalon_4_gen,toyota,avalon,4
Toyota_Avalon_5_gen,toyota,avalon,5
Toyota_Avensis_1_gen,toyota,avensis,1
Toyota_Avensis_2_gen,toyota,avensis,2
Toyota_Avensis_3_gen,toyota,avensis,3
Toyota_Avensis_3_gen_FL,toyota,avensis,3 fl
Toyota_Aygo_1_gen,toyota,aygo,1
Toyota_Aygo_2_gen,toyota,aygo,2
Toyota_C_HR_1_gen,toyota,c hr,1
Toyota_Camry_3_gen,toyota,camry,3
Toyota_Camry_4_gen,toyota,camry,4
Toyota_Camry_5_gen,toyota,camry,5
Toyota_Camry_6_gen,toyota,camry,6
Toyota_Camry_7_gen,toyota,camry,7
Toyota_Camry_8_gen,toyota,camry,8
Toyota_Carina_1_gen,toyota,carina,1
Toyota_Carina_5_gen,toyota,carina,5
Toyota_Carina_6_gen,toyota,carina,6
Toyota_Carina_7_gen,toyota,carina,7
Toyota_Celica_1_gen,toyota,celica,1
Toyota_Celica_2_gen,toyota,celica,2
Toyota_Celica_3_gen,toyota,celica,3
Toyota_Celica_4_gen,toyota,celica,4
Toyota_Celica_5_gen,toyota,celica,5
Toyota_Celica_6_gen,toyota,celica,6
Toyota_Celica_7_gen,toyota,celica,7
Toyota_Chaser_4_gen,toyota,chaser,4
Toyota_Corolla_10_gen,toyota,corolla,10
Toyota_Corolla_11_gen,toyota,corolla,11
Toyota_Corolla_12_gen,toyota,corolla,12
Toyota_Corolla_4_gen,toyota,corolla,4
Toyota_Corolla_5_gen,toyota,corolla,5
Toyota_Corolla_6_gen,toyota,corolla,6
Toyota_Corolla_7_gen,toyota,corolla,7
Toyota_Corolla_8_gen,toyota,corolla,8
Toyota_Corolla_9_gen,toyota,corolla,9
Toyota_Cressida_2_gen,toyota,cressida,2
Toyota_Cressida_3_gen,toyota,cressida,3
Toyota_Cressida_4_gen,toyota,cressida,4
Toyota_Crown_12_gen,toyota,crown,12
Toyota_Crown_13_gen,toyota,crown,13
Toyota_Crown_14_gen,toyota,crown,14
Toyota_Crown_6_gen,toyota,crown,6
Toyota_Crown_8_gen,toyota,crown,8
Toyota_Echo_1_gen,toyota,echo,1
Toyota_Estima_1_gen,toyota,estima,1
Toyota_FJ_Cruiser_1_gen,toyota,fj cruiser,1
Toyota_Fj40_1_gen,toyota,fj40,1
Toyota_Fortuner_1_gen,toyota,fortuner,1
Toyota_GT86_1_gen,toyota,gt86,1
Toyota_Hiace_2_gen,toyota,hiace,2
Toyota_Hiace_4_gen,toyota,hiace,4
Toyota_Hiace_5_gen,toyota,hiace,5
Toyota_Highlander_1_gen,toyota,highlander,1
Toyota_Highlander_2_gen,toyota,highlander,2
Toyota_Highlander_2_gen_FL,toyota,highlander,2 fl
Toyota_Highlander_3_gen,toyota,highlander,3
Toyota_Highlander_3_gen_FL,toyota,highlander,3 fl
Toyota_Hilux_2_gen,toyota,hilux,2
Toyota_Hilux_5_gen,toyota,hilux,5
Toyota_Hilux_7_gen,toyota,hilux,7
Toyota_Hilux_8_gen,toyota,hilux,8
Toyota_Innova_1_gen,toyota,innova,1
Toyota_Ipsum_2_gen,toyota,ipsum,2
Toyota_Land_Cruiser_4_gen,toyota,land cruiser,4
Toyota_Land_Cruiser_5_gen,toyota,land cruiser,5
Toyota_Land_Cruiser_6_gen,toyota,land cruiser,6
Toyota_Land_Cruiser_7_gen,toyota,land cruiser,7
Toyota_Land_Cruiser_7_gen_FL,toyota,land cruiser,7 fl
Toyota_Land_Cruiser_Prado_2_gen,toyota,land cruiser prado,2
Toyota_Land_Cruiser_Prado_3_gen,toyota,land cruiser prado,3
Toyota_Land_Cruiser_Prado_4_gen,toyota,land cruiser prado,4
Toyota_Land_Cruiser_Prado_4_gen_2FL,toyota,land cruiser prado,4 2fl
Toyota_Land_Cruiser_Prado_4_gen_FL,toyota,land cruiser prado,4 fl
Toyota_Matrix_1_gen,toyota,matrix,1
Toyota_Matrix_2_gen,toyota,matrix,2
Toyota_Mr2_1_gen,toyota,mr2,1
Toyota_Mr2_2_gen,toyota,mr2,2
Toyota_Mr2_3_gen,toyota,mr2,3
Toyota_Paseo_1_gen,toyota,paseo,1
Toyota_Paseo_2_gen,toyota,paseo,2
Toyota_Pickup_2_gen,toyota,pickup,2
Toyota_Previa_1_gen,toyota,previa,1
Toyota_Previa_2_gen,toyota,previa,2
Toyota_Prius_1_gen,toyota,prius,1
Toyota_Prius_2_gen,toyota,prius,2
Toyota_Prius_3_gen,toyota,prius,3
Toyota_Prius_4_gen,toyota,prius,4
Toyota_Prius_C_1_gen,toyota,prius c,1
Toyota_Proace_1_gen,toyota,proace,1
Toyota_Rav_4_1_gen,toyota,rav 4,1
Toyota_Rav_4_2_gen,toyota,rav 4,2
Toyota_Rav_4_3_gen,toyota,rav 4,3
Toyota_Rav_4_4_gen,toyota,rav 4,4
Toyota_Rav_4_4_gen_FL,toyota,rav 4,4 fl
Toyota_Rav_4_5_gen,toyota,rav 4,5
Toyota_Sequoia_1_gen,toyota,sequoia,1
Toyota_Sequoia_2_gen,toyota,sequoia,2
Toyota_Sequoia_2_gen_FL,toyota,sequoia,2 fl
Toyota_Sienna_1_gen,toyota,sienna,1
Toyota_Sienna_2_gen,toyota,sienna,2
Toyota_Sienna_3_gen,toyota,sienna,3
Toyota_Solara_1_gen,toyota,solara,1
Toyota_Solara_2_gen,toyota,solara,2
Toyota_Supra_3_gen,toyota,supra,3
Toyota_Supra_5_gen,toyota,supra,5
Toyota_Tacoma_2_gen,toyota,tacoma,2
Toyota_Tundra_1_gen,toyota,tundra,1
Toyota_Tundra_2_gen,toyota,tundra,2
Toyota_Urban_Cruiser_2_gen,toyota,urban cruiser,2
Toyota_Venza_1_gen,toyota,venza,1
Toyota_Verso_1_gen,toyota,verso,1
Toyota_Verso_1_gen_FL,toyota,verso,1 fl
Toyota_Verso_S_2_gen,toyota,verso s,2
Toyota_Yaris_1_gen,toyota,yaris,1
Toyota_Yaris_2_gen,toyota,yaris,2
Toyota_Yaris_3_gen,toyota,yaris,3
Toyota_Yaris_Verso_1_gen,toyota,yaris verso,1
Tractor_Belarus_1_gen,tractor,belarus,1
Triumph_Gt6_1_gen,triumph,gt6,1
Triumph_Spitfire_4_gen,triumph,spitfire,4
Triumph_Spitfire_5_gen,triumph,spitfire,5
Uaz_452_1_gen,uaz,452,1
Uaz_469_1_gen,uaz,469,1
Uaz_Hunter_1_gen,uaz,hunter,1
Uaz_Patriot_1_gen_FL,uaz,patriot,1 fl
VW_Amarok_1_gen,vw,amarok,1
VW_Arteon_1_gen,vw,arteon,1
VW_Atlas_1_gen,vw,atlas,1
VW_Beetle_3_gen,vw,beetle,3
VW_Bora_1_gen,vw,bora,1
VW_Bora_2_gen,vw,bora,2
VW_Bora_2_gen_fl,vw,bora,2 fl
VW_Bora_3_gen,vw,bora,3
VW_CC_1_gen,vw,cc,1
VW_CC_1_gen_FL,vw,cc,1 fl
VW_Caddy_2_gen,vw,caddy,2
VW_Caddy_3_gen,vw,caddy,3
VW_Caddy_3_gen_FL,vw,caddy,3 fl
VW_Caddy_4_gen,vw,caddy,4
VW_Corrado_1_gen,vw,corrado,1
VW_Crafter_1_gen,vw,crafter,1
VW_Crafter_2_gen,vw,crafter,2
VW_Eos_1_gen,vw,eos,1
VW_Fox_1_gen,vw,fox,1
VW_Gol_2_gen,vw,gol,2
VW_Golf_1_gen,vw,golf,1
VW_Golf_2_gen,vw,golf,2
VW_Golf_3_gen,vw,golf,3
VW_Golf_4_gen,vw,golf,4
VW_Golf_5_gen,vw,golf,5
VW_Golf_6_gen,vw,golf,6
VW_Golf_7_gen,vw,golf,7
VW_Golf_Plus_1_gen,vw,golf plus,1
VW_Golf_SV_1_gen,vw,golf sv,1
VW_Gran_Lavida_2_gen,vw,gran lavida,2
VW_Iltis_1_gen,vw,iltis,1
VW_Jetta_2_gen,vw,jetta,2
VW_Jetta_3_gen,vw,jetta,3
VW_Jetta_4_gen,vw,jetta,4
VW_Jetta_5_gen,vw,jetta,5
VW_Jetta_6_gen,vw,jetta,6
VW_Jetta_7_gen,vw,jetta,7
VW_LT_2_gen,vw,lt,2
VW_Lamando_1_gen,vw,lamando,1
VW_Lavida_1_gen,vw,lavida,1
VW_Lavida_2_gen,vw,lavida,2
VW_Lupo_1_gen,vw,lupo,1
VW_New_Beetle_1_gen,vw,new beetle,1
VW_Passat_2_gen,vw,passat,2
VW_Passat_3_gen,vw,passat,3
VW_Passat_4_gen,vw,passat,4
VW_Passat_5_gen,vw,passat,5
VW_Passat_5_gen_FL,vw,passat,5 fl
VW_Passat_6_gen,vw,passat,6
VW_Passat_7_gen,vw,passat,7
VW_Passat_8_gen,vw,passat,8
VW_Phaeton_1_gen,vw,phaeton,1
VW_Phaeton_1_gen_FL,vw,phaeton,1 fl
VW_Polo_2_gen,vw,polo,2
VW_Polo_3_gen,vw,polo,3
VW_Polo_3_gen_FL,vw,polo,3 fl
VW_Polo_4_gen,vw,polo,4
VW_Polo_4_gen_FL,vw,polo,4 fl
VW_Polo_5_gen,vw,polo,5
VW_Polo_6_gen,vw,polo,6
VW_Routan_1_gen,vw,routan,1
VW_Santana_1_gen,vw,santana,1
VW_Santana_2_gen,vw,santana,2
VW_Santana_3_gen,vw,santana,3
VW_Santana_4_gen,vw,santana,4
VW_Santana_5_gen,vw,santana,5
VW_Santana_5_gen_FL,vw,santana,5 fl
VW_Scirocco_2_gen,vw,scirocco,2
VW_Scirocco_3_gen,vw,scirocco,3
VW_Sharan_1_gen,vw,sharan,1
VW_Sharan_1_gen_FL,vw,sharan,1 fl
VW_Sharan_2_gen,vw,sharan,2
VW_Squareback_1_gen,vw,squareback,1
VW_T_Cross_1_gen,vw,t cross,1
VW_T_Roc_1_gen,vw,t roc,1
VW_The_Beetle_1_gen,vw,the beetle,1
VW_Tiguan_1_gen,vw,tiguan,1
VW_Tiguan_2_gen,vw,tiguan,2
VW_Touareg_1_gen,vw,touareg,1
VW_Touareg_2_gen,vw,touareg,2
VW_Touareg_3_gen,vw,touareg,3
VW_Touran_1_gen,vw,touran,1
VW_Touran_1_gen_FL,vw,touran,1 fl
VW_Touran_1_gen_FL2,vw,touran,1 fl2
VW_Touran_2_gen,vw,touran,2
VW_Transporter_2_gen,vw,transporter,2
VW_Transporter_3_gen,vw,transporter,3
VW_Transporter_4_gen,vw,transporter,4
VW_Transporter_5_gen,vw,transporter,5
VW_Transporter_5_gen_FL,vw,transporter,5 fl
VW_Transporter_6_gen,vw,transporter,6
VW_Up_1_gen,vw,up,1
VW_Vento_1_gen,vw,vento,1
VW_Vento_2_gen,vw,vento,2
Van_Hool_T9_1_gen,van hool,t9,1
Volvo_140_1_gen,volvo,140,1
Volvo_260_1_gen,volvo,260,1
Volvo_440_1_gen,volvo,440,1
Volvo_460_1_gen,volvo,460,1
Volvo_740_1_gen,volvo,740,1
Volvo_760_1_gen,volvo,760,1
Volvo_850_1_gen,volvo,850,1
Volvo_900_1_gen,volvo,900,1
Volvo_940_1_gen,volvo,940,1
Volvo_960_1_gen,volvo,960,1
Volvo_B12_1_gen,volvo,b12,1
Volvo_C30_1_gen,volvo,c30,1
Volvo_C30_1_gen_FL,volvo,c30,1 fl
Volvo_C70_1_gen,volvo,c70,1
Volvo_C70_2_gen,volvo,c70,2
Volvo_C70_2_gen_FL,volvo,c70,2 fl
Volvo_FM_1_gen,volvo,fm,1
Volvo_FM_3_gen,volvo,fm,3
Volvo_S40_1_gen,volvo,s40,1
Volvo_S40_2_gen,volvo,s40,2
Volvo_S60_1_gen,volvo,s60,1
Volvo_S60_2_gen,volvo,s60,2
Volvo_S60_3_gen,volvo,s60,3
Volvo_S70_1_gen,volvo,s70,1
Volvo_S80_1_gen,volvo,s80,1
Volvo_S80_2_gen,volvo,s80,2
Volvo_S90_1_gen,volvo,s90,1
Volvo_V40_1_gen,volvo,v40,1
Volvo_V40_2_gen,volvo,v40,2
Volvo_V40_2_gen_FL,volvo,v40,2 fl
Volvo_V50_1_gen,volvo,v50,1
Volvo_V60_1_gen,volvo,v60,1
Volvo_V60_2_gen,volvo,v60,2
Volvo_V70_1_gen,volvo,v70,1
Volvo_V70_2_gen,volvo,v70,2
Volvo_V70_3_gen,volvo,v70,3
Volvo_V90_1_gen,volvo,v90,1
Volvo_Xc40_1_gen,volvo,xc40,1
Volvo_Xc60_1_gen,volvo,xc60,1
Volvo_Xc60_2_gen,volvo,xc60,2
Volvo_Xc90_1_gen,volvo,xc90,1
Volvo_Xc90_2_gen,volvo,xc90,2
Wartburg_353_1_gen,wartburg,353,1
Zaporozhets_1_gen,zaporozhets,,1
Zaporozhets_2_gen,zaporozhets,,2
Zaz_Forza_1_gen,zaz,forza,1
Zaz_I_Van_1_gen,zaz,i van,1
infiniti_G_1_gen,infiniti,g,1
saturn_sw2_1_gen,saturn,sw2,1
saturn_sw2_2_gen,saturn,sw2,2
saturn_sw2_3_gen,saturn,sw2,3
saturn_vue_1_gen,saturn,vue,1
saturn_vue_2_gen,saturn,vue,2
scion_tc_2_gen,scion,tc,2
scion_xa_1_gen,scion,xa,1
scion_xb_1_gen,scion,xb,1
scion_xb_2_gen,scion,xb,2
scion_xd_1_gen,scion,xd,1
suzuki_equator_1_gen,suzuki,equator,1
suzuki_esteem_1_gen,suzuki,esteem,1
suzuki_samurai_1_gen,suzuki,samurai,1
suzuki_samurai_2_gen,suzuki,samurai,2
suzuki_samurai_3_gen,suzuki,samurai,3
suzuki_sidekick_1_gen,suzuki,sidekick,1
suzuki_verona_1_gen,suzuki,verona,1
toyota_starlet_2_gen,toyota,starlet,2
toyota_supra_2_gen,toyota,supra,2
toyota_supra_4_gen,toyota,supra,4
toyota_t100_1_gen,toyota,t100,1
toyota_tacoma_1_gen,toyota,tacoma,1
toyota_tacoma_3_gen,toyota,tacoma,3
toyota_tercel_2_gen,toyota,tercel,2
toyota_tercel_3_gen,toyota,tercel,3
toyota_tercel_4_gen,toyota,tercel,4
toyota_tercel_5_gen,toyota,tercel,5
